shot_id;round_id;date;result;second_shot;direction_id;position_number;shot_number
1;1;2024-10-01 00:00:00;1;0;13;1;1
2;1;2024-10-01 00:00:00;1;0;12;2;2
3;1;2024-10-01 00:00:00;1;0;9;3;3
4;1;2024-10-01 00:00:00;1;0;4;4;4
5;1;2024-10-01 00:00:00;0;0;5;5;5
6;1;2024-10-01 00:00:00;1;0;4;1;6
7;1;2024-10-01 00:00:00;0;0;12;2;7
8;1;2024-10-01 00:00:00;1;0;10;3;8
9;1;2024-10-01 00:00:00;1;0;12;4;9
10;1;2024-10-01 00:00:00;1;1;2;5;10
11;1;2024-10-01 00:00:00;1;0;10;1;11
12;1;2024-10-01 00:00:00;1;0;2;2;12
13;1;2024-10-01 00:00:00;1;0;1;3;13
14;1;2024-10-01 00:00:00;1;0;7;4;14
15;1;2024-10-01 00:00:00;0;1;10;5;15
16;1;2024-10-01 00:00:00;1;0;4;1;16
17;1;2024-10-01 00:00:00;1;0;3;2;17
18;1;2024-10-01 00:00:00;1;0;10;3;18
19;1;2024-10-01 00:00:00;1;0;12;4;19
20;1;2024-10-01 00:00:00;1;0;5;5;20
21;1;2024-10-01 00:00:00;1;0;10;1;21
22;1;2024-10-01 00:00:00;1;0;12;2;22
23;1;2024-10-01 00:00:00;1;1;13;3;23
24;1;2024-10-01 00:00:00;1;0;13;4;24
25;1;2024-10-01 00:00:00;1;0;8;5;25
26;2;2024-10-01 00:00:00;1;0;4;1;1
27;2;2024-10-01 00:00:00;1;0;1;2;2
28;2;2024-10-01 00:00:00;1;0;10;3;3
29;2;2024-10-01 00:00:00;1;0;8;4;4
30;2;2024-10-01 00:00:00;1;0;7;5;5
31;2;2024-10-01 00:00:00;1;1;10;1;6
32;2;2024-10-01 00:00:00;1;1;11;2;7
33;2;2024-10-01 00:00:00;1;0;7;3;8
34;2;2024-10-01 00:00:00;1;1;4;4;9
35;2;2024-10-01 00:00:00;1;1;4;5;10
36;2;2024-10-01 00:00:00;0;0;7;1;11
37;2;2024-10-01 00:00:00;1;0;3;2;12
38;2;2024-10-01 00:00:00;1;0;4;3;13
39;2;2024-10-01 00:00:00;1;0;3;4;14
40;2;2024-10-01 00:00:00;1;0;10;5;15
41;2;2024-10-01 00:00:00;1;0;4;1;16
42;2;2024-10-01 00:00:00;1;1;3;2;17
43;2;2024-10-01 00:00:00;1;0;7;3;18
44;2;2024-10-01 00:00:00;1;0;11;4;19
45;2;2024-10-01 00:00:00;1;0;12;5;20
46;2;2024-10-01 00:00:00;1;0;4;1;21
47;2;2024-10-01 00:00:00;1;0;9;2;22
48;2;2024-10-01 00:00:00;1;0;12;3;23
49;2;2024-10-01 00:00:00;1;1;1;4;24
50;2;2024-10-01 00:00:00;1;0;1;5;25
51;3;2024-10-01 00:00:00;1;1;5;1;1
52;3;2024-10-01 00:00:00;1;0;2;2;2
53;3;2024-10-01 00:00:00;1;0;1;3;3
54;3;2024-10-01 00:00:00;1;0;10;4;4
55;3;2024-10-01 00:00:00;1;0;4;5;5
56;3;2024-10-01 00:00:00;1;1;11;1;6
57;3;2024-10-01 00:00:00;1;0;11;2;7
58;3;2024-10-01 00:00:00;1;1;13;3;8
59;3;2024-10-01 00:00:00;1;1;12;4;9
60;3;2024-10-01 00:00:00;1;0;2;5;10
61;3;2024-10-01 00:00:00;1;1;12;1;11
62;3;2024-10-01 00:00:00;1;0;12;2;12
63;3;2024-10-01 00:00:00;1;0;7;3;13
64;3;2024-10-01 00:00:00;1;1;5;4;14
65;3;2024-10-01 00:00:00;1;0;10;5;15
66;3;2024-10-01 00:00:00;0;0;11;1;16
67;3;2024-10-01 00:00:00;0;1;8;2;17
68;3;2024-10-01 00:00:00;1;0;13;3;18
69;3;2024-10-01 00:00:00;1;1;2;4;19
70;3;2024-10-01 00:00:00;1;0;4;5;20
71;3;2024-10-01 00:00:00;1;0;9;1;21
72;3;2024-10-01 00:00:00;1;1;8;2;22
73;3;2024-10-01 00:00:00;1;0;8;3;23
74;3;2024-10-01 00:00:00;1;0;10;4;24
75;3;2024-10-01 00:00:00;1;0;10;5;25
76;4;2024-10-01 00:00:00;1;0;1;1;1
77;4;2024-10-01 00:00:00;1;0;7;2;2
78;4;2024-10-01 00:00:00;0;0;12;3;3
79;4;2024-10-01 00:00:00;1;0;9;4;4
80;4;2024-10-01 00:00:00;1;0;12;5;5
81;4;2024-10-01 00:00:00;1;0;2;1;6
82;4;2024-10-01 00:00:00;1;1;6;2;7
83;4;2024-10-01 00:00:00;1;0;6;3;8
84;4;2024-10-01 00:00:00;1;0;2;4;9
85;4;2024-10-01 00:00:00;1;0;1;5;10
86;4;2024-10-01 00:00:00;1;0;4;1;11
87;4;2024-10-01 00:00:00;1;0;7;2;12
88;4;2024-10-01 00:00:00;1;0;10;3;13
89;4;2024-10-01 00:00:00;1;0;11;4;14
90;4;2024-10-01 00:00:00;1;0;7;5;15
91;4;2024-10-01 00:00:00;1;0;5;1;16
92;4;2024-10-01 00:00:00;1;0;7;2;17
93;4;2024-10-01 00:00:00;1;0;7;3;18
94;4;2024-10-01 00:00:00;1;0;10;4;19
95;4;2024-10-01 00:00:00;1;1;10;5;20
96;4;2024-10-01 00:00:00;1;0;3;1;21
97;4;2024-10-01 00:00:00;1;0;3;2;22
98;4;2024-10-01 00:00:00;0;1;7;3;23
99;4;2024-10-01 00:00:00;1;1;2;4;24
100;4;2024-10-01 00:00:00;1;0;1;5;25
101;5;2024-10-01 00:00:00;1;1;11;1;1
102;5;2024-10-01 00:00:00;1;0;10;2;2
103;5;2024-10-01 00:00:00;1;0;7;3;3
104;5;2024-10-01 00:00:00;1;0;2;4;4
105;5;2024-10-01 00:00:00;1;0;12;5;5
106;5;2024-10-01 00:00:00;1;1;4;1;6
107;5;2024-10-01 00:00:00;1;0;11;2;7
108;5;2024-10-01 00:00:00;1;0;3;3;8
109;5;2024-10-01 00:00:00;1;0;6;4;9
110;5;2024-10-01 00:00:00;1;0;7;5;10
111;5;2024-10-01 00:00:00;1;0;2;1;11
112;5;2024-10-01 00:00:00;1;1;7;2;12
113;5;2024-10-01 00:00:00;1;0;10;3;13
114;5;2024-10-01 00:00:00;1;0;10;4;14
115;5;2024-10-01 00:00:00;0;0;6;5;15
116;5;2024-10-01 00:00:00;1;0;12;1;16
117;5;2024-10-01 00:00:00;1;0;5;2;17
118;5;2024-10-01 00:00:00;1;0;11;3;18
119;5;2024-10-01 00:00:00;1;0;13;4;19
120;5;2024-10-01 00:00:00;1;0;5;5;20
121;5;2024-10-01 00:00:00;1;0;4;1;21
122;5;2024-10-01 00:00:00;1;0;13;2;22
123;5;2024-10-01 00:00:00;1;0;9;3;23
124;5;2024-10-01 00:00:00;1;1;6;4;24
125;5;2024-10-01 00:00:00;1;0;3;5;25
126;6;2024-10-01 00:00:00;0;0;3;1;1
127;6;2024-10-01 00:00:00;1;0;8;2;2
128;6;2024-10-01 00:00:00;1;0;13;3;3
129;6;2024-10-01 00:00:00;1;0;4;4;4
130;6;2024-10-01 00:00:00;1;0;7;5;5
131;6;2024-10-01 00:00:00;1;0;8;1;6
132;6;2024-10-01 00:00:00;1;0;6;2;7
133;6;2024-10-01 00:00:00;1;0;10;3;8
134;6;2024-10-01 00:00:00;1;1;12;4;9
135;6;2024-10-01 00:00:00;1;0;12;5;10
136;6;2024-10-01 00:00:00;1;0;5;1;11
137;6;2024-10-01 00:00:00;1;0;4;2;12
138;6;2024-10-01 00:00:00;1;0;2;3;13
139;6;2024-10-01 00:00:00;1;0;10;4;14
140;6;2024-10-01 00:00:00;1;0;6;5;15
141;6;2024-10-01 00:00:00;0;0;7;1;16
142;6;2024-10-01 00:00:00;1;0;12;2;17
143;6;2024-10-01 00:00:00;1;1;2;3;18
144;6;2024-10-01 00:00:00;1;0;7;4;19
145;6;2024-10-01 00:00:00;1;0;4;5;20
146;6;2024-10-01 00:00:00;0;0;11;1;21
147;6;2024-10-01 00:00:00;1;1;10;2;22
148;6;2024-10-01 00:00:00;1;0;8;3;23
149;6;2024-10-01 00:00:00;1;0;9;4;24
150;6;2024-10-01 00:00:00;0;0;11;5;25
151;7;2024-10-01 00:00:00;1;0;2;1;1
152;7;2024-10-01 00:00:00;1;1;11;2;2
153;7;2024-10-01 00:00:00;1;1;8;3;3
154;7;2024-10-01 00:00:00;1;0;11;4;4
155;7;2024-10-01 00:00:00;1;0;5;5;5
156;7;2024-10-01 00:00:00;1;0;8;1;6
157;7;2024-10-01 00:00:00;1;0;1;2;7
158;7;2024-10-01 00:00:00;1;0;13;3;8
159;7;2024-10-01 00:00:00;1;0;5;4;9
160;7;2024-10-01 00:00:00;1;0;9;5;10
161;7;2024-10-01 00:00:00;1;0;9;1;11
162;7;2024-10-01 00:00:00;1;0;2;2;12
163;7;2024-10-01 00:00:00;1;0;11;3;13
164;7;2024-10-01 00:00:00;1;0;4;4;14
165;7;2024-10-01 00:00:00;1;0;2;5;15
166;7;2024-10-01 00:00:00;1;0;11;1;16
167;7;2024-10-01 00:00:00;1;0;13;2;17
168;7;2024-10-01 00:00:00;1;0;6;3;18
169;7;2024-10-01 00:00:00;1;0;10;4;19
170;7;2024-10-01 00:00:00;1;0;13;5;20
171;7;2024-10-01 00:00:00;1;0;7;1;21
172;7;2024-10-01 00:00:00;1;0;2;2;22
173;7;2024-10-01 00:00:00;1;0;12;3;23
174;7;2024-10-01 00:00:00;1;1;10;4;24
175;7;2024-10-01 00:00:00;1;0;2;5;25
176;8;2024-10-01 00:00:00;1;0;13;1;1
177;8;2024-10-01 00:00:00;1;0;2;2;2
178;8;2024-10-01 00:00:00;1;0;10;3;3
179;8;2024-10-01 00:00:00;1;0;2;4;4
180;8;2024-10-01 00:00:00;1;0;12;5;5
181;8;2024-10-01 00:00:00;1;0;8;1;6
182;8;2024-10-01 00:00:00;1;0;11;2;7
183;8;2024-10-01 00:00:00;1;0;9;3;8
184;8;2024-10-01 00:00:00;1;0;3;4;9
185;8;2024-10-01 00:00:00;1;0;11;5;10
186;8;2024-10-01 00:00:00;1;0;9;1;11
187;8;2024-10-01 00:00:00;1;0;8;2;12
188;8;2024-10-01 00:00:00;0;1;1;3;13
189;8;2024-10-01 00:00:00;1;0;8;4;14
190;8;2024-10-01 00:00:00;1;1;1;5;15
191;8;2024-10-01 00:00:00;1;0;6;1;16
192;8;2024-10-01 00:00:00;1;1;13;2;17
193;8;2024-10-01 00:00:00;1;0;10;3;18
194;8;2024-10-01 00:00:00;1;0;13;4;19
195;8;2024-10-01 00:00:00;1;1;9;5;20
196;8;2024-10-01 00:00:00;1;0;8;1;21
197;8;2024-10-01 00:00:00;0;0;10;2;22
198;8;2024-10-01 00:00:00;1;0;3;3;23
199;8;2024-10-01 00:00:00;1;0;8;4;24
200;8;2024-10-01 00:00:00;1;0;3;5;25
201;9;2024-10-01 00:00:00;1;0;4;1;1
202;9;2024-10-01 00:00:00;1;0;3;2;2
203;9;2024-10-01 00:00:00;0;0;2;3;3
204;9;2024-10-01 00:00:00;1;1;7;4;4
205;9;2024-10-01 00:00:00;1;0;7;5;5
206;9;2024-10-01 00:00:00;1;0;1;1;6
207;9;2024-10-01 00:00:00;0;1;13;2;7
208;9;2024-10-01 00:00:00;0;1;11;3;8
209;9;2024-10-01 00:00:00;1;0;4;4;9
210;9;2024-10-01 00:00:00;1;0;11;5;10
211;9;2024-10-01 00:00:00;1;0;10;1;11
212;9;2024-10-01 00:00:00;1;1;3;2;12
213;9;2024-10-01 00:00:00;1;0;6;3;13
214;9;2024-10-01 00:00:00;1;0;8;4;14
215;9;2024-10-01 00:00:00;0;1;2;5;15
216;9;2024-10-01 00:00:00;1;0;5;1;16
217;9;2024-10-01 00:00:00;1;0;11;2;17
218;9;2024-10-01 00:00:00;0;0;3;3;18
219;9;2024-10-01 00:00:00;1;0;10;4;19
220;9;2024-10-01 00:00:00;1;0;2;5;20
221;9;2024-10-01 00:00:00;1;0;9;1;21
222;9;2024-10-01 00:00:00;0;0;7;2;22
223;9;2024-10-01 00:00:00;1;0;11;3;23
224;9;2024-10-01 00:00:00;1;0;11;4;24
225;9;2024-10-01 00:00:00;1;1;9;5;25
226;10;2024-10-01 00:00:00;1;1;8;1;1
227;10;2024-10-01 00:00:00;1;0;12;2;2
228;10;2024-10-01 00:00:00;1;0;7;3;3
229;10;2024-10-01 00:00:00;1;0;12;4;4
230;10;2024-10-01 00:00:00;1;0;2;5;5
231;10;2024-10-01 00:00:00;1;0;13;1;6
232;10;2024-10-01 00:00:00;1;0;9;2;7
233;10;2024-10-01 00:00:00;1;0;4;3;8
234;10;2024-10-01 00:00:00;1;0;2;4;9
235;10;2024-10-01 00:00:00;1;0;10;5;10
236;10;2024-10-01 00:00:00;1;0;1;1;11
237;10;2024-10-01 00:00:00;1;0;10;2;12
238;10;2024-10-01 00:00:00;1;1;11;3;13
239;10;2024-10-01 00:00:00;1;0;5;4;14
240;10;2024-10-01 00:00:00;1;0;7;5;15
241;10;2024-10-01 00:00:00;1;0;12;1;16
242;10;2024-10-01 00:00:00;1;0;12;2;17
243;10;2024-10-01 00:00:00;0;0;8;3;18
244;10;2024-10-01 00:00:00;1;0;3;4;19
245;10;2024-10-01 00:00:00;1;0;3;5;20
246;10;2024-10-01 00:00:00;1;0;6;1;21
247;10;2024-10-01 00:00:00;1;1;11;2;22
248;10;2024-10-01 00:00:00;1;0;5;3;23
249;10;2024-10-01 00:00:00;1;0;6;4;24
250;10;2024-10-01 00:00:00;1;1;9;5;25
251;11;2024-10-02 00:00:00;1;0;3;1;1
252;11;2024-10-02 00:00:00;1;0;8;2;2
253;11;2024-10-02 00:00:00;1;1;2;3;3
254;11;2024-10-02 00:00:00;0;0;13;4;4
255;11;2024-10-02 00:00:00;1;0;4;5;5
256;11;2024-10-02 00:00:00;1;0;11;1;6
257;11;2024-10-02 00:00:00;1;0;6;2;7
258;11;2024-10-02 00:00:00;1;0;2;3;8
259;11;2024-10-02 00:00:00;1;0;4;4;9
260;11;2024-10-02 00:00:00;1;0;7;5;10
261;11;2024-10-02 00:00:00;1;0;11;1;11
262;11;2024-10-02 00:00:00;1;0;1;2;12
263;11;2024-10-02 00:00:00;1;0;11;3;13
264;11;2024-10-02 00:00:00;1;0;9;4;14
265;11;2024-10-02 00:00:00;1;0;2;5;15
266;11;2024-10-02 00:00:00;1;0;8;1;16
267;11;2024-10-02 00:00:00;1;0;4;2;17
268;11;2024-10-02 00:00:00;1;0;3;3;18
269;11;2024-10-02 00:00:00;0;0;7;4;19
270;11;2024-10-02 00:00:00;1;0;7;5;20
271;11;2024-10-02 00:00:00;1;1;5;1;21
272;11;2024-10-02 00:00:00;1;1;1;2;22
273;11;2024-10-02 00:00:00;1;0;13;3;23
274;11;2024-10-02 00:00:00;1;0;2;4;24
275;11;2024-10-02 00:00:00;1;0;12;5;25
276;12;2024-10-02 00:00:00;1;1;6;1;1
277;12;2024-10-02 00:00:00;1;0;13;2;2
278;12;2024-10-02 00:00:00;1;1;4;3;3
279;12;2024-10-02 00:00:00;1;0;8;4;4
280;12;2024-10-02 00:00:00;1;0;7;5;5
281;12;2024-10-02 00:00:00;1;0;6;1;6
282;12;2024-10-02 00:00:00;1;0;3;2;7
283;12;2024-10-02 00:00:00;1;0;8;3;8
284;12;2024-10-02 00:00:00;1;0;3;4;9
285;12;2024-10-02 00:00:00;1;0;11;5;10
286;12;2024-10-02 00:00:00;1;0;6;1;11
287;12;2024-10-02 00:00:00;1;0;12;2;12
288;12;2024-10-02 00:00:00;1;0;6;3;13
289;12;2024-10-02 00:00:00;1;0;12;4;14
290;12;2024-10-02 00:00:00;1;0;11;5;15
291;12;2024-10-02 00:00:00;1;0;2;1;16
292;12;2024-10-02 00:00:00;1;0;12;2;17
293;12;2024-10-02 00:00:00;1;0;10;3;18
294;12;2024-10-02 00:00:00;1;0;4;4;19
295;12;2024-10-02 00:00:00;1;1;6;5;20
296;12;2024-10-02 00:00:00;1;0;5;1;21
297;12;2024-10-02 00:00:00;1;0;9;2;22
298;12;2024-10-02 00:00:00;1;0;9;3;23
299;12;2024-10-02 00:00:00;1;0;4;4;24
300;12;2024-10-02 00:00:00;1;0;9;5;25
301;13;2024-10-02 00:00:00;1;0;5;1;1
302;13;2024-10-02 00:00:00;1;0;10;2;2
303;13;2024-10-02 00:00:00;0;0;9;3;3
304;13;2024-10-02 00:00:00;1;0;8;4;4
305;13;2024-10-02 00:00:00;1;0;12;5;5
306;13;2024-10-02 00:00:00;0;0;9;1;6
307;13;2024-10-02 00:00:00;1;0;11;2;7
308;13;2024-10-02 00:00:00;1;1;4;3;8
309;13;2024-10-02 00:00:00;1;0;10;4;9
310;13;2024-10-02 00:00:00;1;0;6;5;10
311;13;2024-10-02 00:00:00;1;0;10;1;11
312;13;2024-10-02 00:00:00;1;0;13;2;12
313;13;2024-10-02 00:00:00;1;0;10;3;13
314;13;2024-10-02 00:00:00;1;1;10;4;14
315;13;2024-10-02 00:00:00;1;1;1;5;15
316;13;2024-10-02 00:00:00;1;0;3;1;16
317;13;2024-10-02 00:00:00;1;0;1;2;17
318;13;2024-10-02 00:00:00;1;0;10;3;18
319;13;2024-10-02 00:00:00;1;1;9;4;19
320;13;2024-10-02 00:00:00;1;0;11;5;20
321;13;2024-10-02 00:00:00;1;0;2;1;21
322;13;2024-10-02 00:00:00;1;0;3;2;22
323;13;2024-10-02 00:00:00;1;0;13;3;23
324;13;2024-10-02 00:00:00;1;0;9;4;24
325;13;2024-10-02 00:00:00;1;1;4;5;25
326;14;2024-10-02 00:00:00;1;1;11;1;1
327;14;2024-10-02 00:00:00;1;0;9;2;2
328;14;2024-10-02 00:00:00;1;1;5;3;3
329;14;2024-10-02 00:00:00;1;1;9;4;4
330;14;2024-10-02 00:00:00;1;1;11;5;5
331;14;2024-10-02 00:00:00;1;0;13;1;6
332;14;2024-10-02 00:00:00;1;0;8;2;7
333;14;2024-10-02 00:00:00;1;1;12;3;8
334;14;2024-10-02 00:00:00;1;0;1;4;9
335;14;2024-10-02 00:00:00;0;0;11;5;10
336;14;2024-10-02 00:00:00;0;0;10;1;11
337;14;2024-10-02 00:00:00;1;0;5;2;12
338;14;2024-10-02 00:00:00;1;0;7;3;13
339;14;2024-10-02 00:00:00;1;1;1;4;14
340;14;2024-10-02 00:00:00;1;0;5;5;15
341;14;2024-10-02 00:00:00;0;1;13;1;16
342;14;2024-10-02 00:00:00;1;0;13;2;17
343;14;2024-10-02 00:00:00;1;1;13;3;18
344;14;2024-10-02 00:00:00;1;0;8;4;19
345;14;2024-10-02 00:00:00;1;0;8;5;20
346;14;2024-10-02 00:00:00;1;0;2;1;21
347;14;2024-10-02 00:00:00;1;0;12;2;22
348;14;2024-10-02 00:00:00;1;0;10;3;23
349;14;2024-10-02 00:00:00;1;1;7;4;24
350;14;2024-10-02 00:00:00;1;0;9;5;25
351;15;2024-10-02 00:00:00;1;0;11;1;1
352;15;2024-10-02 00:00:00;1;0;9;2;2
353;15;2024-10-02 00:00:00;1;0;2;3;3
354;15;2024-10-02 00:00:00;0;0;2;4;4
355;15;2024-10-02 00:00:00;1;0;9;5;5
356;15;2024-10-02 00:00:00;1;0;2;1;6
357;15;2024-10-02 00:00:00;1;0;13;2;7
358;15;2024-10-02 00:00:00;1;0;6;3;8
359;15;2024-10-02 00:00:00;1;0;6;4;9
360;15;2024-10-02 00:00:00;1;0;2;5;10
361;15;2024-10-02 00:00:00;1;1;9;1;11
362;15;2024-10-02 00:00:00;1;0;10;2;12
363;15;2024-10-02 00:00:00;1;0;4;3;13
364;15;2024-10-02 00:00:00;1;0;7;4;14
365;15;2024-10-02 00:00:00;1;0;4;5;15
366;15;2024-10-02 00:00:00;1;0;4;1;16
367;15;2024-10-02 00:00:00;1;0;3;2;17
368;15;2024-10-02 00:00:00;1;0;13;3;18
369;15;2024-10-02 00:00:00;1;0;11;4;19
370;15;2024-10-02 00:00:00;1;0;7;5;20
371;15;2024-10-02 00:00:00;1;0;8;1;21
372;15;2024-10-02 00:00:00;1;0;7;2;22
373;15;2024-10-02 00:00:00;1;0;5;3;23
374;15;2024-10-02 00:00:00;1;0;7;4;24
375;15;2024-10-02 00:00:00;1;0;9;5;25
376;16;2024-10-02 00:00:00;1;0;4;1;1
377;16;2024-10-02 00:00:00;1;0;4;2;2
378;16;2024-10-02 00:00:00;1;0;7;3;3
379;16;2024-10-02 00:00:00;0;0;8;4;4
380;16;2024-10-02 00:00:00;1;0;4;5;5
381;16;2024-10-02 00:00:00;1;0;12;1;6
382;16;2024-10-02 00:00:00;1;0;2;2;7
383;16;2024-10-02 00:00:00;1;0;10;3;8
384;16;2024-10-02 00:00:00;1;1;12;4;9
385;16;2024-10-02 00:00:00;1;0;6;5;10
386;16;2024-10-02 00:00:00;1;0;5;1;11
387;16;2024-10-02 00:00:00;1;0;11;2;12
388;16;2024-10-02 00:00:00;1;0;6;3;13
389;16;2024-10-02 00:00:00;1;0;12;4;14
390;16;2024-10-02 00:00:00;1;0;7;5;15
391;16;2024-10-02 00:00:00;1;0;10;1;16
392;16;2024-10-02 00:00:00;1;0;1;2;17
393;16;2024-10-02 00:00:00;1;0;3;3;18
394;16;2024-10-02 00:00:00;1;0;1;4;19
395;16;2024-10-02 00:00:00;1;0;1;5;20
396;16;2024-10-02 00:00:00;1;0;2;1;21
397;16;2024-10-02 00:00:00;1;0;5;2;22
398;16;2024-10-02 00:00:00;1;1;6;3;23
399;16;2024-10-02 00:00:00;1;0;2;4;24
400;16;2024-10-02 00:00:00;1;0;11;5;25
401;17;2024-10-02 00:00:00;1;1;9;1;1
402;17;2024-10-02 00:00:00;0;0;12;2;2
403;17;2024-10-02 00:00:00;1;0;2;3;3
404;17;2024-10-02 00:00:00;1;0;10;4;4
405;17;2024-10-02 00:00:00;1;0;8;5;5
406;17;2024-10-02 00:00:00;0;0;9;1;6
407;17;2024-10-02 00:00:00;1;0;1;2;7
408;17;2024-10-02 00:00:00;1;0;7;3;8
409;17;2024-10-02 00:00:00;1;1;6;4;9
410;17;2024-10-02 00:00:00;1;0;10;5;10
411;17;2024-10-02 00:00:00;0;1;4;1;11
412;17;2024-10-02 00:00:00;1;0;1;2;12
413;17;2024-10-02 00:00:00;0;0;4;3;13
414;17;2024-10-02 00:00:00;1;0;2;4;14
415;17;2024-10-02 00:00:00;1;1;10;5;15
416;17;2024-10-02 00:00:00;1;0;8;1;16
417;17;2024-10-02 00:00:00;1;0;4;2;17
418;17;2024-10-02 00:00:00;1;1;9;3;18
419;17;2024-10-02 00:00:00;1;0;5;4;19
420;17;2024-10-02 00:00:00;1;0;3;5;20
421;17;2024-10-02 00:00:00;0;0;1;1;21
422;17;2024-10-02 00:00:00;1;0;11;2;22
423;17;2024-10-02 00:00:00;1;0;11;3;23
424;17;2024-10-02 00:00:00;1;0;2;4;24
425;17;2024-10-02 00:00:00;1;0;7;5;25
426;18;2024-10-02 00:00:00;1;1;5;1;1
427;18;2024-10-02 00:00:00;1;0;2;2;2
428;18;2024-10-02 00:00:00;1;0;11;3;3
429;18;2024-10-02 00:00:00;1;0;4;4;4
430;18;2024-10-02 00:00:00;1;0;8;5;5
431;18;2024-10-02 00:00:00;1;0;6;1;6
432;18;2024-10-02 00:00:00;0;1;11;2;7
433;18;2024-10-02 00:00:00;1;0;5;3;8
434;18;2024-10-02 00:00:00;1;0;7;4;9
435;18;2024-10-02 00:00:00;1;0;13;5;10
436;18;2024-10-02 00:00:00;1;1;6;1;11
437;18;2024-10-02 00:00:00;1;1;7;2;12
438;18;2024-10-02 00:00:00;1;0;11;3;13
439;18;2024-10-02 00:00:00;1;0;5;4;14
440;18;2024-10-02 00:00:00;1;1;3;5;15
441;18;2024-10-02 00:00:00;1;1;2;1;16
442;18;2024-10-02 00:00:00;1;0;7;2;17
443;18;2024-10-02 00:00:00;1;0;4;3;18
444;18;2024-10-02 00:00:00;1;0;7;4;19
445;18;2024-10-02 00:00:00;1;0;11;5;20
446;18;2024-10-02 00:00:00;1;0;3;1;21
447;18;2024-10-02 00:00:00;1;0;5;2;22
448;18;2024-10-02 00:00:00;0;0;4;3;23
449;18;2024-10-02 00:00:00;1;0;1;4;24
450;18;2024-10-02 00:00:00;1;0;5;5;25
451;19;2024-10-02 00:00:00;1;0;3;1;1
452;19;2024-10-02 00:00:00;1;0;11;2;2
453;19;2024-10-02 00:00:00;1;0;10;3;3
454;19;2024-10-02 00:00:00;1;0;8;4;4
455;19;2024-10-02 00:00:00;1;1;13;5;5
456;19;2024-10-02 00:00:00;1;0;13;1;6
457;19;2024-10-02 00:00:00;1;0;3;2;7
458;19;2024-10-02 00:00:00;1;0;8;3;8
459;19;2024-10-02 00:00:00;1;0;8;4;9
460;19;2024-10-02 00:00:00;1;0;5;5;10
461;19;2024-10-02 00:00:00;1;0;13;1;11
462;19;2024-10-02 00:00:00;1;0;2;2;12
463;19;2024-10-02 00:00:00;1;0;6;3;13
464;19;2024-10-02 00:00:00;1;1;5;4;14
465;19;2024-10-02 00:00:00;1;0;9;5;15
466;19;2024-10-02 00:00:00;1;1;4;1;16
467;19;2024-10-02 00:00:00;1;0;8;2;17
468;19;2024-10-02 00:00:00;1;0;7;3;18
469;19;2024-10-02 00:00:00;1;0;10;4;19
470;19;2024-10-02 00:00:00;1;0;6;5;20
471;19;2024-10-02 00:00:00;0;0;6;1;21
472;19;2024-10-02 00:00:00;1;1;6;2;22
473;19;2024-10-02 00:00:00;1;0;1;3;23
474;19;2024-10-02 00:00:00;1;0;8;4;24
475;19;2024-10-02 00:00:00;0;0;7;5;25
476;20;2024-10-02 00:00:00;1;0;11;1;1
477;20;2024-10-02 00:00:00;1;0;7;2;2
478;20;2024-10-02 00:00:00;1;1;4;3;3
479;20;2024-10-02 00:00:00;1;0;2;4;4
480;20;2024-10-02 00:00:00;0;0;7;5;5
481;20;2024-10-02 00:00:00;1;0;13;1;6
482;20;2024-10-02 00:00:00;1;0;5;2;7
483;20;2024-10-02 00:00:00;1;0;3;3;8
484;20;2024-10-02 00:00:00;1;0;5;4;9
485;20;2024-10-02 00:00:00;1;1;10;5;10
486;20;2024-10-02 00:00:00;1;0;1;1;11
487;20;2024-10-02 00:00:00;1;0;3;2;12
488;20;2024-10-02 00:00:00;1;0;13;3;13
489;20;2024-10-02 00:00:00;1;0;3;4;14
490;20;2024-10-02 00:00:00;0;0;7;5;15
491;20;2024-10-02 00:00:00;0;0;12;1;16
492;20;2024-10-02 00:00:00;0;1;4;2;17
493;20;2024-10-02 00:00:00;1;0;2;3;18
494;20;2024-10-02 00:00:00;1;1;3;4;19
495;20;2024-10-02 00:00:00;1;0;11;5;20
496;20;2024-10-02 00:00:00;1;1;1;1;21
497;20;2024-10-02 00:00:00;1;0;1;2;22
498;20;2024-10-02 00:00:00;1;1;1;3;23
499;20;2024-10-02 00:00:00;1;0;13;4;24
500;20;2024-10-02 00:00:00;1;1;2;5;25
501;21;2024-10-03 00:00:00;1;1;1;1;1
502;21;2024-10-03 00:00:00;0;1;8;2;2
503;21;2024-10-03 00:00:00;0;1;10;3;3
504;21;2024-10-03 00:00:00;0;0;10;4;4
505;21;2024-10-03 00:00:00;1;1;9;5;5
506;21;2024-10-03 00:00:00;1;0;11;1;6
507;21;2024-10-03 00:00:00;1;0;2;2;7
508;21;2024-10-03 00:00:00;1;0;12;3;8
509;21;2024-10-03 00:00:00;1;1;12;4;9
510;21;2024-10-03 00:00:00;1;0;1;5;10
511;21;2024-10-03 00:00:00;1;0;3;1;11
512;21;2024-10-03 00:00:00;1;0;2;2;12
513;21;2024-10-03 00:00:00;1;0;8;3;13
514;21;2024-10-03 00:00:00;1;0;13;4;14
515;21;2024-10-03 00:00:00;0;0;12;5;15
516;21;2024-10-03 00:00:00;1;0;3;1;16
517;21;2024-10-03 00:00:00;1;0;3;2;17
518;21;2024-10-03 00:00:00;1;0;3;3;18
519;21;2024-10-03 00:00:00;1;0;1;4;19
520;21;2024-10-03 00:00:00;1;0;10;5;20
521;21;2024-10-03 00:00:00;1;1;12;1;21
522;21;2024-10-03 00:00:00;1;0;4;2;22
523;21;2024-10-03 00:00:00;1;0;7;3;23
524;21;2024-10-03 00:00:00;1;1;10;4;24
525;21;2024-10-03 00:00:00;1;0;6;5;25
526;22;2024-10-03 00:00:00;1;0;9;1;1
527;22;2024-10-03 00:00:00;1;0;9;2;2
528;22;2024-10-03 00:00:00;1;0;7;3;3
529;22;2024-10-03 00:00:00;1;0;5;4;4
530;22;2024-10-03 00:00:00;0;0;6;5;5
531;22;2024-10-03 00:00:00;1;0;4;1;6
532;22;2024-10-03 00:00:00;1;0;11;2;7
533;22;2024-10-03 00:00:00;0;0;12;3;8
534;22;2024-10-03 00:00:00;1;0;4;4;9
535;22;2024-10-03 00:00:00;1;0;7;5;10
536;22;2024-10-03 00:00:00;1;0;9;1;11
537;22;2024-10-03 00:00:00;1;0;9;2;12
538;22;2024-10-03 00:00:00;1;0;1;3;13
539;22;2024-10-03 00:00:00;1;1;10;4;14
540;22;2024-10-03 00:00:00;1;1;4;5;15
541;22;2024-10-03 00:00:00;1;0;6;1;16
542;22;2024-10-03 00:00:00;1;0;8;2;17
543;22;2024-10-03 00:00:00;1;0;1;3;18
544;22;2024-10-03 00:00:00;1;0;3;4;19
545;22;2024-10-03 00:00:00;1;0;9;5;20
546;22;2024-10-03 00:00:00;1;1;1;1;21
547;22;2024-10-03 00:00:00;1;1;5;2;22
548;22;2024-10-03 00:00:00;1;1;12;3;23
549;22;2024-10-03 00:00:00;1;0;5;4;24
550;22;2024-10-03 00:00:00;1;0;4;5;25
551;23;2024-10-03 00:00:00;0;0;3;1;1
552;23;2024-10-03 00:00:00;0;0;7;2;2
553;23;2024-10-03 00:00:00;1;0;8;3;3
554;23;2024-10-03 00:00:00;1;0;12;4;4
555;23;2024-10-03 00:00:00;1;0;7;5;5
556;23;2024-10-03 00:00:00;1;0;3;1;6
557;23;2024-10-03 00:00:00;1;0;7;2;7
558;23;2024-10-03 00:00:00;1;0;9;3;8
559;23;2024-10-03 00:00:00;1;0;4;4;9
560;23;2024-10-03 00:00:00;1;0;6;5;10
561;23;2024-10-03 00:00:00;0;0;6;1;11
562;23;2024-10-03 00:00:00;1;0;13;2;12
563;23;2024-10-03 00:00:00;1;1;8;3;13
564;23;2024-10-03 00:00:00;1;0;4;4;14
565;23;2024-10-03 00:00:00;1;0;9;5;15
566;23;2024-10-03 00:00:00;1;0;3;1;16
567;23;2024-10-03 00:00:00;1;0;13;2;17
568;23;2024-10-03 00:00:00;1;0;7;3;18
569;23;2024-10-03 00:00:00;0;0;3;4;19
570;23;2024-10-03 00:00:00;1;0;1;5;20
571;23;2024-10-03 00:00:00;1;0;1;1;21
572;23;2024-10-03 00:00:00;1;0;6;2;22
573;23;2024-10-03 00:00:00;1;0;10;3;23
574;23;2024-10-03 00:00:00;1;0;4;4;24
575;23;2024-10-03 00:00:00;1;0;6;5;25
576;24;2024-10-03 00:00:00;1;0;10;1;1
577;24;2024-10-03 00:00:00;1;0;11;2;2
578;24;2024-10-03 00:00:00;1;0;4;3;3
579;24;2024-10-03 00:00:00;1;1;5;4;4
580;24;2024-10-03 00:00:00;1;0;7;5;5
581;24;2024-10-03 00:00:00;1;0;1;1;6
582;24;2024-10-03 00:00:00;1;0;3;2;7
583;24;2024-10-03 00:00:00;1;0;1;3;8
584;24;2024-10-03 00:00:00;1;1;9;4;9
585;24;2024-10-03 00:00:00;1;1;13;5;10
586;24;2024-10-03 00:00:00;1;0;2;1;11
587;24;2024-10-03 00:00:00;1;0;8;2;12
588;24;2024-10-03 00:00:00;1;1;6;3;13
589;24;2024-10-03 00:00:00;1;0;9;4;14
590;24;2024-10-03 00:00:00;1;0;3;5;15
591;24;2024-10-03 00:00:00;1;0;11;1;16
592;24;2024-10-03 00:00:00;1;0;13;2;17
593;24;2024-10-03 00:00:00;1;0;5;3;18
594;24;2024-10-03 00:00:00;1;0;6;4;19
595;24;2024-10-03 00:00:00;0;0;9;5;20
596;24;2024-10-03 00:00:00;1;1;8;1;21
597;24;2024-10-03 00:00:00;1;0;11;2;22
598;24;2024-10-03 00:00:00;1;0;8;3;23
599;24;2024-10-03 00:00:00;1;0;11;4;24
600;24;2024-10-03 00:00:00;1;0;3;5;25
601;25;2024-10-03 00:00:00;1;1;3;1;1
602;25;2024-10-03 00:00:00;0;0;2;2;2
603;25;2024-10-03 00:00:00;1;1;4;3;3
604;25;2024-10-03 00:00:00;0;0;4;4;4
605;25;2024-10-03 00:00:00;1;0;7;5;5
606;25;2024-10-03 00:00:00;1;0;8;1;6
607;25;2024-10-03 00:00:00;1;0;12;2;7
608;25;2024-10-03 00:00:00;1;0;8;3;8
609;25;2024-10-03 00:00:00;1;1;6;4;9
610;25;2024-10-03 00:00:00;1;1;4;5;10
611;25;2024-10-03 00:00:00;1;0;1;1;11
612;25;2024-10-03 00:00:00;1;0;6;2;12
613;25;2024-10-03 00:00:00;1;0;6;3;13
614;25;2024-10-03 00:00:00;1;0;10;4;14
615;25;2024-10-03 00:00:00;1;0;3;5;15
616;25;2024-10-03 00:00:00;1;0;7;1;16
617;25;2024-10-03 00:00:00;1;0;5;2;17
618;25;2024-10-03 00:00:00;1;1;4;3;18
619;25;2024-10-03 00:00:00;1;1;4;4;19
620;25;2024-10-03 00:00:00;1;0;11;5;20
621;25;2024-10-03 00:00:00;1;0;8;1;21
622;25;2024-10-03 00:00:00;1;0;11;2;22
623;25;2024-10-03 00:00:00;0;0;13;3;23
624;25;2024-10-03 00:00:00;1;0;1;4;24
625;25;2024-10-03 00:00:00;1;1;10;5;25
626;26;2024-10-03 00:00:00;1;1;2;1;1
627;26;2024-10-03 00:00:00;1;0;11;2;2
628;26;2024-10-03 00:00:00;1;0;6;3;3
629;26;2024-10-03 00:00:00;1;0;8;4;4
630;26;2024-10-03 00:00:00;1;0;1;5;5
631;26;2024-10-03 00:00:00;1;0;9;1;6
632;26;2024-10-03 00:00:00;1;0;6;2;7
633;26;2024-10-03 00:00:00;1;1;2;3;8
634;26;2024-10-03 00:00:00;0;0;6;4;9
635;26;2024-10-03 00:00:00;1;0;2;5;10
636;26;2024-10-03 00:00:00;1;0;7;1;11
637;26;2024-10-03 00:00:00;1;0;5;2;12
638;26;2024-10-03 00:00:00;1;0;13;3;13
639;26;2024-10-03 00:00:00;1;0;3;4;14
640;26;2024-10-03 00:00:00;0;0;7;5;15
641;26;2024-10-03 00:00:00;1;1;12;1;16
642;26;2024-10-03 00:00:00;0;0;6;2;17
643;26;2024-10-03 00:00:00;1;1;9;3;18
644;26;2024-10-03 00:00:00;1;0;5;4;19
645;26;2024-10-03 00:00:00;1;0;12;5;20
646;26;2024-10-03 00:00:00;1;0;3;1;21
647;26;2024-10-03 00:00:00;1;0;12;2;22
648;26;2024-10-03 00:00:00;1;0;3;3;23
649;26;2024-10-03 00:00:00;1;1;2;4;24
650;26;2024-10-03 00:00:00;1;0;2;5;25
651;27;2024-10-03 00:00:00;1;0;7;1;1
652;27;2024-10-03 00:00:00;1;1;12;2;2
653;27;2024-10-03 00:00:00;1;0;7;3;3
654;27;2024-10-03 00:00:00;0;0;10;4;4
655;27;2024-10-03 00:00:00;1;1;12;5;5
656;27;2024-10-03 00:00:00;1;0;3;1;6
657;27;2024-10-03 00:00:00;1;0;10;2;7
658;27;2024-10-03 00:00:00;1;0;11;3;8
659;27;2024-10-03 00:00:00;1;0;13;4;9
660;27;2024-10-03 00:00:00;1;0;10;5;10
661;27;2024-10-03 00:00:00;1;0;13;1;11
662;27;2024-10-03 00:00:00;1;0;8;2;12
663;27;2024-10-03 00:00:00;1;0;5;3;13
664;27;2024-10-03 00:00:00;1;0;9;4;14
665;27;2024-10-03 00:00:00;1;0;7;5;15
666;27;2024-10-03 00:00:00;1;0;9;1;16
667;27;2024-10-03 00:00:00;1;0;4;2;17
668;27;2024-10-03 00:00:00;1;0;10;3;18
669;27;2024-10-03 00:00:00;0;0;10;4;19
670;27;2024-10-03 00:00:00;1;1;5;5;20
671;27;2024-10-03 00:00:00;1;0;2;1;21
672;27;2024-10-03 00:00:00;1;0;3;2;22
673;27;2024-10-03 00:00:00;1;0;11;3;23
674;27;2024-10-03 00:00:00;1;0;7;4;24
675;27;2024-10-03 00:00:00;1;1;7;5;25
676;28;2024-10-03 00:00:00;1;0;10;1;1
677;28;2024-10-03 00:00:00;1;0;9;2;2
678;28;2024-10-03 00:00:00;1;0;3;3;3
679;28;2024-10-03 00:00:00;1;0;9;4;4
680;28;2024-10-03 00:00:00;1;0;7;5;5
681;28;2024-10-03 00:00:00;1;1;12;1;6
682;28;2024-10-03 00:00:00;1;0;10;2;7
683;28;2024-10-03 00:00:00;1;1;8;3;8
684;28;2024-10-03 00:00:00;1;0;7;4;9
685;28;2024-10-03 00:00:00;1;0;5;5;10
686;28;2024-10-03 00:00:00;1;0;7;1;11
687;28;2024-10-03 00:00:00;1;0;1;2;12
688;28;2024-10-03 00:00:00;1;0;10;3;13
689;28;2024-10-03 00:00:00;1;0;1;4;14
690;28;2024-10-03 00:00:00;1;0;13;5;15
691;28;2024-10-03 00:00:00;1;0;13;1;16
692;28;2024-10-03 00:00:00;1;0;3;2;17
693;28;2024-10-03 00:00:00;1;0;2;3;18
694;28;2024-10-03 00:00:00;1;0;3;4;19
695;28;2024-10-03 00:00:00;1;0;9;5;20
696;28;2024-10-03 00:00:00;1;1;11;1;21
697;28;2024-10-03 00:00:00;1;0;6;2;22
698;28;2024-10-03 00:00:00;0;1;8;3;23
699;28;2024-10-03 00:00:00;1;1;3;4;24
700;28;2024-10-03 00:00:00;1;1;6;5;25
701;29;2024-10-03 00:00:00;1;0;5;1;1
702;29;2024-10-03 00:00:00;1;0;9;2;2
703;29;2024-10-03 00:00:00;1;0;3;3;3
704;29;2024-10-03 00:00:00;1;0;12;4;4
705;29;2024-10-03 00:00:00;1;0;1;5;5
706;29;2024-10-03 00:00:00;1;0;10;1;6
707;29;2024-10-03 00:00:00;1;0;12;2;7
708;29;2024-10-03 00:00:00;1;0;4;3;8
709;29;2024-10-03 00:00:00;0;0;2;4;9
710;29;2024-10-03 00:00:00;1;0;11;5;10
711;29;2024-10-03 00:00:00;1;1;3;1;11
712;29;2024-10-03 00:00:00;1;0;8;2;12
713;29;2024-10-03 00:00:00;0;0;13;3;13
714;29;2024-10-03 00:00:00;1;0;12;4;14
715;29;2024-10-03 00:00:00;1;1;5;5;15
716;29;2024-10-03 00:00:00;1;0;7;1;16
717;29;2024-10-03 00:00:00;1;0;1;2;17
718;29;2024-10-03 00:00:00;1;0;3;3;18
719;29;2024-10-03 00:00:00;1;0;7;4;19
720;29;2024-10-03 00:00:00;1;1;3;5;20
721;29;2024-10-03 00:00:00;1;0;5;1;21
722;29;2024-10-03 00:00:00;1;0;8;2;22
723;29;2024-10-03 00:00:00;1;0;1;3;23
724;29;2024-10-03 00:00:00;1;1;12;4;24
725;29;2024-10-03 00:00:00;0;1;4;5;25
726;30;2024-10-03 00:00:00;0;0;5;1;1
727;30;2024-10-03 00:00:00;1;0;5;2;2
728;30;2024-10-03 00:00:00;1;0;1;3;3
729;30;2024-10-03 00:00:00;1;1;13;4;4
730;30;2024-10-03 00:00:00;1;1;6;5;5
731;30;2024-10-03 00:00:00;1;0;5;1;6
732;30;2024-10-03 00:00:00;1;0;6;2;7
733;30;2024-10-03 00:00:00;1;1;12;3;8
734;30;2024-10-03 00:00:00;1;0;11;4;9
735;30;2024-10-03 00:00:00;1;1;13;5;10
736;30;2024-10-03 00:00:00;1;1;10;1;11
737;30;2024-10-03 00:00:00;1;0;1;2;12
738;30;2024-10-03 00:00:00;1;0;13;3;13
739;30;2024-10-03 00:00:00;1;0;6;4;14
740;30;2024-10-03 00:00:00;1;0;10;5;15
741;30;2024-10-03 00:00:00;1;0;4;1;16
742;30;2024-10-03 00:00:00;1;1;6;2;17
743;30;2024-10-03 00:00:00;1;0;1;3;18
744;30;2024-10-03 00:00:00;1;0;4;4;19
745;30;2024-10-03 00:00:00;1;0;13;5;20
746;30;2024-10-03 00:00:00;1;0;2;1;21
747;30;2024-10-03 00:00:00;1;1;1;2;22
748;30;2024-10-03 00:00:00;1;1;12;3;23
749;30;2024-10-03 00:00:00;1;1;11;4;24
750;30;2024-10-03 00:00:00;1;1;6;5;25
751;31;2024-10-04 00:00:00;1;0;7;1;1
752;31;2024-10-04 00:00:00;1;0;3;2;2
753;31;2024-10-04 00:00:00;1;0;11;3;3
754;31;2024-10-04 00:00:00;1;0;1;4;4
755;31;2024-10-04 00:00:00;1;1;3;5;5
756;31;2024-10-04 00:00:00;1;0;11;1;6
757;31;2024-10-04 00:00:00;1;0;7;2;7
758;31;2024-10-04 00:00:00;1;0;7;3;8
759;31;2024-10-04 00:00:00;1;0;1;4;9
760;31;2024-10-04 00:00:00;1;0;4;5;10
761;31;2024-10-04 00:00:00;1;1;3;1;11
762;31;2024-10-04 00:00:00;1;0;4;2;12
763;31;2024-10-04 00:00:00;1;0;5;3;13
764;31;2024-10-04 00:00:00;1;0;4;4;14
765;31;2024-10-04 00:00:00;0;0;9;5;15
766;31;2024-10-04 00:00:00;0;0;8;1;16
767;31;2024-10-04 00:00:00;1;0;12;2;17
768;31;2024-10-04 00:00:00;1;0;1;3;18
769;31;2024-10-04 00:00:00;1;1;8;4;19
770;31;2024-10-04 00:00:00;1;1;4;5;20
771;31;2024-10-04 00:00:00;1;0;5;1;21
772;31;2024-10-04 00:00:00;1;0;1;2;22
773;31;2024-10-04 00:00:00;1;0;4;3;23
774;31;2024-10-04 00:00:00;1;0;11;4;24
775;31;2024-10-04 00:00:00;1;1;1;5;25
776;32;2024-10-04 00:00:00;1;0;12;1;1
777;32;2024-10-04 00:00:00;1;0;4;2;2
778;32;2024-10-04 00:00:00;1;1;9;3;3
779;32;2024-10-04 00:00:00;1;0;5;4;4
780;32;2024-10-04 00:00:00;1;0;4;5;5
781;32;2024-10-04 00:00:00;1;0;8;1;6
782;32;2024-10-04 00:00:00;1;0;6;2;7
783;32;2024-10-04 00:00:00;1;0;10;3;8
784;32;2024-10-04 00:00:00;1;1;5;4;9
785;32;2024-10-04 00:00:00;1;0;1;5;10
786;32;2024-10-04 00:00:00;1;0;5;1;11
787;32;2024-10-04 00:00:00;1;0;3;2;12
788;32;2024-10-04 00:00:00;1;0;8;3;13
789;32;2024-10-04 00:00:00;1;0;10;4;14
790;32;2024-10-04 00:00:00;1;1;6;5;15
791;32;2024-10-04 00:00:00;1;0;11;1;16
792;32;2024-10-04 00:00:00;0;0;11;2;17
793;32;2024-10-04 00:00:00;1;1;10;3;18
794;32;2024-10-04 00:00:00;1;1;6;4;19
795;32;2024-10-04 00:00:00;1;0;5;5;20
796;32;2024-10-04 00:00:00;1;1;13;1;21
797;32;2024-10-04 00:00:00;1;0;3;2;22
798;32;2024-10-04 00:00:00;1;0;10;3;23
799;32;2024-10-04 00:00:00;1;1;9;4;24
800;32;2024-10-04 00:00:00;1;0;1;5;25
801;33;2024-10-04 00:00:00;1;1;1;1;1
802;33;2024-10-04 00:00:00;1;0;8;2;2
803;33;2024-10-04 00:00:00;1;1;2;3;3
804;33;2024-10-04 00:00:00;1;0;12;4;4
805;33;2024-10-04 00:00:00;0;0;9;5;5
806;33;2024-10-04 00:00:00;1;0;8;1;6
807;33;2024-10-04 00:00:00;1;0;6;2;7
808;33;2024-10-04 00:00:00;1;0;4;3;8
809;33;2024-10-04 00:00:00;1;0;9;4;9
810;33;2024-10-04 00:00:00;1;0;11;5;10
811;33;2024-10-04 00:00:00;1;0;4;1;11
812;33;2024-10-04 00:00:00;1;0;6;2;12
813;33;2024-10-04 00:00:00;1;0;5;3;13
814;33;2024-10-04 00:00:00;1;1;3;4;14
815;33;2024-10-04 00:00:00;1;0;13;5;15
816;33;2024-10-04 00:00:00;1;0;13;1;16
817;33;2024-10-04 00:00:00;1;0;3;2;17
818;33;2024-10-04 00:00:00;1;0;2;3;18
819;33;2024-10-04 00:00:00;1;0;2;4;19
820;33;2024-10-04 00:00:00;1;1;10;5;20
821;33;2024-10-04 00:00:00;0;0;4;1;21
822;33;2024-10-04 00:00:00;1;0;1;2;22
823;33;2024-10-04 00:00:00;1;1;10;3;23
824;33;2024-10-04 00:00:00;1;0;1;4;24
825;33;2024-10-04 00:00:00;1;0;11;5;25
826;34;2024-10-04 00:00:00;1;1;8;1;1
827;34;2024-10-04 00:00:00;1;0;5;2;2
828;34;2024-10-04 00:00:00;1;0;7;3;3
829;34;2024-10-04 00:00:00;0;0;7;4;4
830;34;2024-10-04 00:00:00;1;0;2;5;5
831;34;2024-10-04 00:00:00;1;1;11;1;6
832;34;2024-10-04 00:00:00;1;0;3;2;7
833;34;2024-10-04 00:00:00;1;0;4;3;8
834;34;2024-10-04 00:00:00;1;0;5;4;9
835;34;2024-10-04 00:00:00;1;1;5;5;10
836;34;2024-10-04 00:00:00;1;0;10;1;11
837;34;2024-10-04 00:00:00;1;1;3;2;12
838;34;2024-10-04 00:00:00;1;1;3;3;13
839;34;2024-10-04 00:00:00;1;0;13;4;14
840;34;2024-10-04 00:00:00;0;0;1;5;15
841;34;2024-10-04 00:00:00;1;0;4;1;16
842;34;2024-10-04 00:00:00;1;0;11;2;17
843;34;2024-10-04 00:00:00;1;0;5;3;18
844;34;2024-10-04 00:00:00;1;1;11;4;19
845;34;2024-10-04 00:00:00;1;0;4;5;20
846;34;2024-10-04 00:00:00;1;0;4;1;21
847;34;2024-10-04 00:00:00;1;1;4;2;22
848;34;2024-10-04 00:00:00;1;0;11;3;23
849;34;2024-10-04 00:00:00;1;0;7;4;24
850;34;2024-10-04 00:00:00;1;0;2;5;25
851;35;2024-10-04 00:00:00;1;0;1;1;1
852;35;2024-10-04 00:00:00;1;0;1;2;2
853;35;2024-10-04 00:00:00;1;0;8;3;3
854;35;2024-10-04 00:00:00;1;0;5;4;4
855;35;2024-10-04 00:00:00;1;0;7;5;5
856;35;2024-10-04 00:00:00;1;1;3;1;6
857;35;2024-10-04 00:00:00;1;0;11;2;7
858;35;2024-10-04 00:00:00;0;0;4;3;8
859;35;2024-10-04 00:00:00;1;1;8;4;9
860;35;2024-10-04 00:00:00;1;1;11;5;10
861;35;2024-10-04 00:00:00;1;0;12;1;11
862;35;2024-10-04 00:00:00;1;0;13;2;12
863;35;2024-10-04 00:00:00;1;0;4;3;13
864;35;2024-10-04 00:00:00;1;0;3;4;14
865;35;2024-10-04 00:00:00;1;0;7;5;15
866;35;2024-10-04 00:00:00;0;1;11;1;16
867;35;2024-10-04 00:00:00;0;0;10;2;17
868;35;2024-10-04 00:00:00;1;0;10;3;18
869;35;2024-10-04 00:00:00;1;0;3;4;19
870;35;2024-10-04 00:00:00;1;0;3;5;20
871;35;2024-10-04 00:00:00;1;0;3;1;21
872;35;2024-10-04 00:00:00;0;1;7;2;22
873;35;2024-10-04 00:00:00;1;1;11;3;23
874;35;2024-10-04 00:00:00;1;0;7;4;24
875;35;2024-10-04 00:00:00;1;0;12;5;25
876;36;2024-10-04 00:00:00;1;1;10;1;1
877;36;2024-10-04 00:00:00;1;0;6;2;2
878;36;2024-10-04 00:00:00;1;0;11;3;3
879;36;2024-10-04 00:00:00;1;0;4;4;4
880;36;2024-10-04 00:00:00;0;1;3;5;5
881;36;2024-10-04 00:00:00;1;0;9;1;6
882;36;2024-10-04 00:00:00;1;0;2;2;7
883;36;2024-10-04 00:00:00;1;1;8;3;8
884;36;2024-10-04 00:00:00;1;0;11;4;9
885;36;2024-10-04 00:00:00;1;1;8;5;10
886;36;2024-10-04 00:00:00;1;1;13;1;11
887;36;2024-10-04 00:00:00;1;0;13;2;12
888;36;2024-10-04 00:00:00;1;0;4;3;13
889;36;2024-10-04 00:00:00;1;0;10;4;14
890;36;2024-10-04 00:00:00;1;1;11;5;15
891;36;2024-10-04 00:00:00;1;0;6;1;16
892;36;2024-10-04 00:00:00;1;0;8;2;17
893;36;2024-10-04 00:00:00;1;1;2;3;18
894;36;2024-10-04 00:00:00;1;0;11;4;19
895;36;2024-10-04 00:00:00;1;0;10;5;20
896;36;2024-10-04 00:00:00;1;1;4;1;21
897;36;2024-10-04 00:00:00;1;0;9;2;22
898;36;2024-10-04 00:00:00;1;0;12;3;23
899;36;2024-10-04 00:00:00;1;0;6;4;24
900;36;2024-10-04 00:00:00;1;0;3;5;25
901;37;2024-10-04 00:00:00;1;0;10;1;1
902;37;2024-10-04 00:00:00;1;0;13;2;2
903;37;2024-10-04 00:00:00;1;0;5;3;3
904;37;2024-10-04 00:00:00;1;0;2;4;4
905;37;2024-10-04 00:00:00;0;0;8;5;5
906;37;2024-10-04 00:00:00;1;0;6;1;6
907;37;2024-10-04 00:00:00;1;0;3;2;7
908;37;2024-10-04 00:00:00;1;0;8;3;8
909;37;2024-10-04 00:00:00;1;0;3;4;9
910;37;2024-10-04 00:00:00;1;0;7;5;10
911;37;2024-10-04 00:00:00;1;1;5;1;11
912;37;2024-10-04 00:00:00;1;0;7;2;12
913;37;2024-10-04 00:00:00;1;0;8;3;13
914;37;2024-10-04 00:00:00;1;1;1;4;14
915;37;2024-10-04 00:00:00;1;0;11;5;15
916;37;2024-10-04 00:00:00;1;0;3;1;16
917;37;2024-10-04 00:00:00;1;1;6;2;17
918;37;2024-10-04 00:00:00;1;0;2;3;18
919;37;2024-10-04 00:00:00;1;0;12;4;19
920;37;2024-10-04 00:00:00;1;1;13;5;20
921;37;2024-10-04 00:00:00;1;0;10;1;21
922;37;2024-10-04 00:00:00;1;0;3;2;22
923;37;2024-10-04 00:00:00;1;0;10;3;23
924;37;2024-10-04 00:00:00;1;0;3;4;24
925;37;2024-10-04 00:00:00;1;0;8;5;25
926;38;2024-10-04 00:00:00;1;1;5;1;1
927;38;2024-10-04 00:00:00;1;0;4;2;2
928;38;2024-10-04 00:00:00;1;0;5;3;3
929;38;2024-10-04 00:00:00;1;0;8;4;4
930;38;2024-10-04 00:00:00;1;0;9;5;5
931;38;2024-10-04 00:00:00;1;0;9;1;6
932;38;2024-10-04 00:00:00;1;0;4;2;7
933;38;2024-10-04 00:00:00;1;1;3;3;8
934;38;2024-10-04 00:00:00;1;0;10;4;9
935;38;2024-10-04 00:00:00;1;0;3;5;10
936;38;2024-10-04 00:00:00;1;0;11;1;11
937;38;2024-10-04 00:00:00;1;1;13;2;12
938;38;2024-10-04 00:00:00;1;0;2;3;13
939;38;2024-10-04 00:00:00;0;1;2;4;14
940;38;2024-10-04 00:00:00;0;0;5;5;15
941;38;2024-10-04 00:00:00;1;0;5;1;16
942;38;2024-10-04 00:00:00;1;0;2;2;17
943;38;2024-10-04 00:00:00;1;0;5;3;18
944;38;2024-10-04 00:00:00;1;1;8;4;19
945;38;2024-10-04 00:00:00;1;0;1;5;20
946;38;2024-10-04 00:00:00;1;0;4;1;21
947;38;2024-10-04 00:00:00;1;1;8;2;22
948;38;2024-10-04 00:00:00;1;0;3;3;23
949;38;2024-10-04 00:00:00;1;0;1;4;24
950;38;2024-10-04 00:00:00;1;0;3;5;25
951;39;2024-10-04 00:00:00;1;0;6;1;1
952;39;2024-10-04 00:00:00;1;0;11;2;2
953;39;2024-10-04 00:00:00;1;0;5;3;3
954;39;2024-10-04 00:00:00;0;1;6;4;4
955;39;2024-10-04 00:00:00;1;1;11;5;5
956;39;2024-10-04 00:00:00;1;0;11;1;6
957;39;2024-10-04 00:00:00;1;0;10;2;7
958;39;2024-10-04 00:00:00;0;0;13;3;8
959;39;2024-10-04 00:00:00;1;0;9;4;9
960;39;2024-10-04 00:00:00;1;1;2;5;10
961;39;2024-10-04 00:00:00;1;0;9;1;11
962;39;2024-10-04 00:00:00;1;1;5;2;12
963;39;2024-10-04 00:00:00;1;0;12;3;13
964;39;2024-10-04 00:00:00;1;0;7;4;14
965;39;2024-10-04 00:00:00;1;0;10;5;15
966;39;2024-10-04 00:00:00;1;0;12;1;16
967;39;2024-10-04 00:00:00;1;1;5;2;17
968;39;2024-10-04 00:00:00;1;1;1;3;18
969;39;2024-10-04 00:00:00;1;0;2;4;19
970;39;2024-10-04 00:00:00;1;0;4;5;20
971;39;2024-10-04 00:00:00;0;1;10;1;21
972;39;2024-10-04 00:00:00;1;0;12;2;22
973;39;2024-10-04 00:00:00;1;0;1;3;23
974;39;2024-10-04 00:00:00;0;0;6;4;24
975;39;2024-10-04 00:00:00;1;0;4;5;25
976;40;2024-10-04 00:00:00;1;1;12;1;1
977;40;2024-10-04 00:00:00;1;0;13;2;2
978;40;2024-10-04 00:00:00;1;0;7;3;3
979;40;2024-10-04 00:00:00;1;0;10;4;4
980;40;2024-10-04 00:00:00;1;0;9;5;5
981;40;2024-10-04 00:00:00;1;0;9;1;6
982;40;2024-10-04 00:00:00;1;0;11;2;7
983;40;2024-10-04 00:00:00;1;0;9;3;8
984;40;2024-10-04 00:00:00;1;1;8;4;9
985;40;2024-10-04 00:00:00;1;0;13;5;10
986;40;2024-10-04 00:00:00;1;0;7;1;11
987;40;2024-10-04 00:00:00;1;0;6;2;12
988;40;2024-10-04 00:00:00;1;0;7;3;13
989;40;2024-10-04 00:00:00;1;0;4;4;14
990;40;2024-10-04 00:00:00;1;0;12;5;15
991;40;2024-10-04 00:00:00;1;0;12;1;16
992;40;2024-10-04 00:00:00;0;0;6;2;17
993;40;2024-10-04 00:00:00;1;0;4;3;18
994;40;2024-10-04 00:00:00;1;0;4;4;19
995;40;2024-10-04 00:00:00;1;0;10;5;20
996;40;2024-10-04 00:00:00;1;1;4;1;21
997;40;2024-10-04 00:00:00;1;0;10;2;22
998;40;2024-10-04 00:00:00;1;0;10;3;23
999;40;2024-10-04 00:00:00;1;0;7;4;24
1000;40;2024-10-04 00:00:00;1;0;8;5;25
1001;41;2024-10-05 00:00:00;1;0;9;1;1
1002;41;2024-10-05 00:00:00;1;0;13;2;2
1003;41;2024-10-05 00:00:00;1;0;13;3;3
1004;41;2024-10-05 00:00:00;1;0;4;4;4
1005;41;2024-10-05 00:00:00;1;0;13;5;5
1006;41;2024-10-05 00:00:00;0;0;5;1;6
1007;41;2024-10-05 00:00:00;1;0;4;2;7
1008;41;2024-10-05 00:00:00;1;0;4;3;8
1009;41;2024-10-05 00:00:00;1;0;2;4;9
1010;41;2024-10-05 00:00:00;1;0;6;5;10
1011;41;2024-10-05 00:00:00;1;1;3;1;11
1012;41;2024-10-05 00:00:00;1;0;9;2;12
1013;41;2024-10-05 00:00:00;1;0;10;3;13
1014;41;2024-10-05 00:00:00;1;0;11;4;14
1015;41;2024-10-05 00:00:00;1;0;13;5;15
1016;41;2024-10-05 00:00:00;1;0;10;1;16
1017;41;2024-10-05 00:00:00;1;0;8;2;17
1018;41;2024-10-05 00:00:00;1;0;8;3;18
1019;41;2024-10-05 00:00:00;1;0;1;4;19
1020;41;2024-10-05 00:00:00;1;0;13;5;20
1021;41;2024-10-05 00:00:00;1;0;13;1;21
1022;41;2024-10-05 00:00:00;1;1;10;2;22
1023;41;2024-10-05 00:00:00;1;0;11;3;23
1024;41;2024-10-05 00:00:00;1;0;13;4;24
1025;41;2024-10-05 00:00:00;1;0;2;5;25
1026;42;2024-10-05 00:00:00;1;0;9;1;1
1027;42;2024-10-05 00:00:00;1;1;2;2;2
1028;42;2024-10-05 00:00:00;1;0;1;3;3
1029;42;2024-10-05 00:00:00;1;0;8;4;4
1030;42;2024-10-05 00:00:00;1;0;6;5;5
1031;42;2024-10-05 00:00:00;1;0;7;1;6
1032;42;2024-10-05 00:00:00;1;0;3;2;7
1033;42;2024-10-05 00:00:00;1;0;8;3;8
1034;42;2024-10-05 00:00:00;1;1;13;4;9
1035;42;2024-10-05 00:00:00;1;0;2;5;10
1036;42;2024-10-05 00:00:00;1;0;6;1;11
1037;42;2024-10-05 00:00:00;1;0;13;2;12
1038;42;2024-10-05 00:00:00;1;0;6;3;13
1039;42;2024-10-05 00:00:00;1;1;1;4;14
1040;42;2024-10-05 00:00:00;1;0;13;5;15
1041;42;2024-10-05 00:00:00;1;1;4;1;16
1042;42;2024-10-05 00:00:00;1;0;4;2;17
1043;42;2024-10-05 00:00:00;1;0;1;3;18
1044;42;2024-10-05 00:00:00;1;0;10;4;19
1045;42;2024-10-05 00:00:00;1;1;2;5;20
1046;42;2024-10-05 00:00:00;1;0;9;1;21
1047;42;2024-10-05 00:00:00;1;1;11;2;22
1048;42;2024-10-05 00:00:00;1;0;12;3;23
1049;42;2024-10-05 00:00:00;0;0;10;4;24
1050;42;2024-10-05 00:00:00;1;1;5;5;25
1051;43;2024-10-05 00:00:00;1;0;11;1;1
1052;43;2024-10-05 00:00:00;1;0;10;2;2
1053;43;2024-10-05 00:00:00;1;0;7;3;3
1054;43;2024-10-05 00:00:00;1;0;4;4;4
1055;43;2024-10-05 00:00:00;1;0;9;5;5
1056;43;2024-10-05 00:00:00;1;0;10;1;6
1057;43;2024-10-05 00:00:00;1;0;9;2;7
1058;43;2024-10-05 00:00:00;1;0;13;3;8
1059;43;2024-10-05 00:00:00;1;0;8;4;9
1060;43;2024-10-05 00:00:00;1;0;4;5;10
1061;43;2024-10-05 00:00:00;0;1;11;1;11
1062;43;2024-10-05 00:00:00;1;1;3;2;12
1063;43;2024-10-05 00:00:00;0;0;12;3;13
1064;43;2024-10-05 00:00:00;1;0;9;4;14
1065;43;2024-10-05 00:00:00;1;0;2;5;15
1066;43;2024-10-05 00:00:00;1;0;4;1;16
1067;43;2024-10-05 00:00:00;1;0;9;2;17
1068;43;2024-10-05 00:00:00;1;0;5;3;18
1069;43;2024-10-05 00:00:00;1;0;12;4;19
1070;43;2024-10-05 00:00:00;1;0;8;5;20
1071;43;2024-10-05 00:00:00;1;1;6;1;21
1072;43;2024-10-05 00:00:00;1;0;4;2;22
1073;43;2024-10-05 00:00:00;1;0;12;3;23
1074;43;2024-10-05 00:00:00;1;0;7;4;24
1075;43;2024-10-05 00:00:00;1;0;11;5;25
1076;44;2024-10-05 00:00:00;1;0;4;1;1
1077;44;2024-10-05 00:00:00;1;1;9;2;2
1078;44;2024-10-05 00:00:00;1;1;7;3;3
1079;44;2024-10-05 00:00:00;1;0;13;4;4
1080;44;2024-10-05 00:00:00;1;0;4;5;5
1081;44;2024-10-05 00:00:00;1;0;7;1;6
1082;44;2024-10-05 00:00:00;0;0;1;2;7
1083;44;2024-10-05 00:00:00;1;0;12;3;8
1084;44;2024-10-05 00:00:00;1;0;3;4;9
1085;44;2024-10-05 00:00:00;1;0;7;5;10
1086;44;2024-10-05 00:00:00;1;0;11;1;11
1087;44;2024-10-05 00:00:00;1;0;2;2;12
1088;44;2024-10-05 00:00:00;1;0;8;3;13
1089;44;2024-10-05 00:00:00;1;0;6;4;14
1090;44;2024-10-05 00:00:00;1;0;9;5;15
1091;44;2024-10-05 00:00:00;1;0;4;1;16
1092;44;2024-10-05 00:00:00;1;0;10;2;17
1093;44;2024-10-05 00:00:00;1;0;12;3;18
1094;44;2024-10-05 00:00:00;1;0;4;4;19
1095;44;2024-10-05 00:00:00;1;0;5;5;20
1096;44;2024-10-05 00:00:00;1;0;11;1;21
1097;44;2024-10-05 00:00:00;1;0;8;2;22
1098;44;2024-10-05 00:00:00;1;0;11;3;23
1099;44;2024-10-05 00:00:00;1;0;8;4;24
1100;44;2024-10-05 00:00:00;1;0;11;5;25
1101;45;2024-10-05 00:00:00;1;1;12;1;1
1102;45;2024-10-05 00:00:00;1;0;8;2;2
1103;45;2024-10-05 00:00:00;1;0;8;3;3
1104;45;2024-10-05 00:00:00;1;0;10;4;4
1105;45;2024-10-05 00:00:00;1;0;9;5;5
1106;45;2024-10-05 00:00:00;1;1;10;1;6
1107;45;2024-10-05 00:00:00;1;0;10;2;7
1108;45;2024-10-05 00:00:00;1;0;5;3;8
1109;45;2024-10-05 00:00:00;1;0;6;4;9
1110;45;2024-10-05 00:00:00;1;0;6;5;10
1111;45;2024-10-05 00:00:00;1;0;11;1;11
1112;45;2024-10-05 00:00:00;1;0;10;2;12
1113;45;2024-10-05 00:00:00;0;0;13;3;13
1114;45;2024-10-05 00:00:00;1;0;8;4;14
1115;45;2024-10-05 00:00:00;1;0;6;5;15
1116;45;2024-10-05 00:00:00;1;0;7;1;16
1117;45;2024-10-05 00:00:00;1;1;3;2;17
1118;45;2024-10-05 00:00:00;1;0;7;3;18
1119;45;2024-10-05 00:00:00;1;1;4;4;19
1120;45;2024-10-05 00:00:00;1;1;5;5;20
1121;45;2024-10-05 00:00:00;1;0;4;1;21
1122;45;2024-10-05 00:00:00;1;1;4;2;22
1123;45;2024-10-05 00:00:00;0;0;13;3;23
1124;45;2024-10-05 00:00:00;1;0;9;4;24
1125;45;2024-10-05 00:00:00;1;0;6;5;25
1126;46;2024-10-05 00:00:00;0;0;8;1;1
1127;46;2024-10-05 00:00:00;1;0;11;2;2
1128;46;2024-10-05 00:00:00;1;0;2;3;3
1129;46;2024-10-05 00:00:00;1;0;8;4;4
1130;46;2024-10-05 00:00:00;1;0;2;5;5
1131;46;2024-10-05 00:00:00;1;0;8;1;6
1132;46;2024-10-05 00:00:00;1;0;4;2;7
1133;46;2024-10-05 00:00:00;1;0;4;3;8
1134;46;2024-10-05 00:00:00;1;1;13;4;9
1135;46;2024-10-05 00:00:00;1;0;8;5;10
1136;46;2024-10-05 00:00:00;1;0;12;1;11
1137;46;2024-10-05 00:00:00;1;0;9;2;12
1138;46;2024-10-05 00:00:00;1;1;6;3;13
1139;46;2024-10-05 00:00:00;1;1;8;4;14
1140;46;2024-10-05 00:00:00;1;0;3;5;15
1141;46;2024-10-05 00:00:00;1;0;11;1;16
1142;46;2024-10-05 00:00:00;1;1;4;2;17
1143;46;2024-10-05 00:00:00;1;1;9;3;18
1144;46;2024-10-05 00:00:00;1;0;13;4;19
1145;46;2024-10-05 00:00:00;1;0;11;5;20
1146;46;2024-10-05 00:00:00;1;0;2;1;21
1147;46;2024-10-05 00:00:00;1;0;11;2;22
1148;46;2024-10-05 00:00:00;1;0;12;3;23
1149;46;2024-10-05 00:00:00;1;0;11;4;24
1150;46;2024-10-05 00:00:00;1;0;13;5;25
1151;47;2024-10-05 00:00:00;1;1;12;1;1
1152;47;2024-10-05 00:00:00;1;0;8;2;2
1153;47;2024-10-05 00:00:00;0;0;7;3;3
1154;47;2024-10-05 00:00:00;1;0;12;4;4
1155;47;2024-10-05 00:00:00;1;0;11;5;5
1156;47;2024-10-05 00:00:00;0;0;5;1;6
1157;47;2024-10-05 00:00:00;1;0;4;2;7
1158;47;2024-10-05 00:00:00;1;1;13;3;8
1159;47;2024-10-05 00:00:00;1;0;12;4;9
1160;47;2024-10-05 00:00:00;1;0;2;5;10
1161;47;2024-10-05 00:00:00;1;1;5;1;11
1162;47;2024-10-05 00:00:00;1;1;1;2;12
1163;47;2024-10-05 00:00:00;1;0;5;3;13
1164;47;2024-10-05 00:00:00;1;0;6;4;14
1165;47;2024-10-05 00:00:00;1;0;2;5;15
1166;47;2024-10-05 00:00:00;1;0;4;1;16
1167;47;2024-10-05 00:00:00;1;0;9;2;17
1168;47;2024-10-05 00:00:00;1;0;11;3;18
1169;47;2024-10-05 00:00:00;1;0;12;4;19
1170;47;2024-10-05 00:00:00;1;1;7;5;20
1171;47;2024-10-05 00:00:00;1;0;10;1;21
1172;47;2024-10-05 00:00:00;0;0;13;2;22
1173;47;2024-10-05 00:00:00;1;0;3;3;23
1174;47;2024-10-05 00:00:00;1;0;13;4;24
1175;47;2024-10-05 00:00:00;1;0;4;5;25
1176;48;2024-10-05 00:00:00;1;0;8;1;1
1177;48;2024-10-05 00:00:00;1;0;2;2;2
1178;48;2024-10-05 00:00:00;1;0;9;3;3
1179;48;2024-10-05 00:00:00;1;0;6;4;4
1180;48;2024-10-05 00:00:00;1;0;5;5;5
1181;48;2024-10-05 00:00:00;1;1;9;1;6
1182;48;2024-10-05 00:00:00;1;1;4;2;7
1183;48;2024-10-05 00:00:00;1;0;4;3;8
1184;48;2024-10-05 00:00:00;1;1;9;4;9
1185;48;2024-10-05 00:00:00;1;1;13;5;10
1186;48;2024-10-05 00:00:00;1;0;9;1;11
1187;48;2024-10-05 00:00:00;1;0;5;2;12
1188;48;2024-10-05 00:00:00;1;0;3;3;13
1189;48;2024-10-05 00:00:00;0;0;12;4;14
1190;48;2024-10-05 00:00:00;1;0;3;5;15
1191;48;2024-10-05 00:00:00;1;0;13;1;16
1192;48;2024-10-05 00:00:00;1;0;6;2;17
1193;48;2024-10-05 00:00:00;1;0;9;3;18
1194;48;2024-10-05 00:00:00;1;0;4;4;19
1195;48;2024-10-05 00:00:00;1;0;4;5;20
1196;48;2024-10-05 00:00:00;1;0;9;1;21
1197;48;2024-10-05 00:00:00;1;1;11;2;22
1198;48;2024-10-05 00:00:00;1;0;11;3;23
1199;48;2024-10-05 00:00:00;0;0;8;4;24
1200;48;2024-10-05 00:00:00;0;0;10;5;25
1201;49;2024-10-05 00:00:00;1;0;2;1;1
1202;49;2024-10-05 00:00:00;1;0;1;2;2
1203;49;2024-10-05 00:00:00;1;1;5;3;3
1204;49;2024-10-05 00:00:00;1;0;4;4;4
1205;49;2024-10-05 00:00:00;1;1;8;5;5
1206;49;2024-10-05 00:00:00;1;1;6;1;6
1207;49;2024-10-05 00:00:00;1;0;13;2;7
1208;49;2024-10-05 00:00:00;1;1;12;3;8
1209;49;2024-10-05 00:00:00;1;0;13;4;9
1210;49;2024-10-05 00:00:00;1;0;3;5;10
1211;49;2024-10-05 00:00:00;1;0;3;1;11
1212;49;2024-10-05 00:00:00;1;1;11;2;12
1213;49;2024-10-05 00:00:00;1;0;8;3;13
1214;49;2024-10-05 00:00:00;1;0;12;4;14
1215;49;2024-10-05 00:00:00;1;0;8;5;15
1216;49;2024-10-05 00:00:00;0;0;3;1;16
1217;49;2024-10-05 00:00:00;1;0;2;2;17
1218;49;2024-10-05 00:00:00;1;0;1;3;18
1219;49;2024-10-05 00:00:00;1;0;13;4;19
1220;49;2024-10-05 00:00:00;1;0;9;5;20
1221;49;2024-10-05 00:00:00;1;0;12;1;21
1222;49;2024-10-05 00:00:00;1;0;6;2;22
1223;49;2024-10-05 00:00:00;1;0;9;3;23
1224;49;2024-10-05 00:00:00;1;1;5;4;24
1225;49;2024-10-05 00:00:00;1;0;11;5;25
1226;50;2024-10-05 00:00:00;0;0;1;1;1
1227;50;2024-10-05 00:00:00;1;0;1;2;2
1228;50;2024-10-05 00:00:00;1;1;2;3;3
1229;50;2024-10-05 00:00:00;1;0;4;4;4
1230;50;2024-10-05 00:00:00;1;0;13;5;5
1231;50;2024-10-05 00:00:00;1;1;3;1;6
1232;50;2024-10-05 00:00:00;1;0;13;2;7
1233;50;2024-10-05 00:00:00;1;0;6;3;8
1234;50;2024-10-05 00:00:00;1;0;6;4;9
1235;50;2024-10-05 00:00:00;1;0;13;5;10
1236;50;2024-10-05 00:00:00;1;0;11;1;11
1237;50;2024-10-05 00:00:00;0;0;9;2;12
1238;50;2024-10-05 00:00:00;1;0;5;3;13
1239;50;2024-10-05 00:00:00;1;0;13;4;14
1240;50;2024-10-05 00:00:00;1;0;12;5;15
1241;50;2024-10-05 00:00:00;1;0;12;1;16
1242;50;2024-10-05 00:00:00;1;0;7;2;17
1243;50;2024-10-05 00:00:00;1;0;3;3;18
1244;50;2024-10-05 00:00:00;0;0;10;4;19
1245;50;2024-10-05 00:00:00;1;0;5;5;20
1246;50;2024-10-05 00:00:00;1;1;11;1;21
1247;50;2024-10-05 00:00:00;1;0;13;2;22
1248;50;2024-10-05 00:00:00;1;0;7;3;23
1249;50;2024-10-05 00:00:00;1;1;2;4;24
1250;50;2024-10-05 00:00:00;1;1;9;5;25
1251;51;2024-10-06 00:00:00;1;0;6;1;1
1252;51;2024-10-06 00:00:00;1;0;5;2;2
1253;51;2024-10-06 00:00:00;1;0;12;3;3
1254;51;2024-10-06 00:00:00;1;0;6;4;4
1255;51;2024-10-06 00:00:00;0;0;4;5;5
1256;51;2024-10-06 00:00:00;1;0;1;1;6
1257;51;2024-10-06 00:00:00;1;1;4;2;7
1258;51;2024-10-06 00:00:00;1;0;8;3;8
1259;51;2024-10-06 00:00:00;1;1;9;4;9
1260;51;2024-10-06 00:00:00;1;0;6;5;10
1261;51;2024-10-06 00:00:00;1;0;7;1;11
1262;51;2024-10-06 00:00:00;1;0;8;2;12
1263;51;2024-10-06 00:00:00;1;0;1;3;13
1264;51;2024-10-06 00:00:00;1;0;13;4;14
1265;51;2024-10-06 00:00:00;1;0;1;5;15
1266;51;2024-10-06 00:00:00;0;0;8;1;16
1267;51;2024-10-06 00:00:00;0;1;5;2;17
1268;51;2024-10-06 00:00:00;1;0;7;3;18
1269;51;2024-10-06 00:00:00;1;0;8;4;19
1270;51;2024-10-06 00:00:00;0;0;11;5;20
1271;51;2024-10-06 00:00:00;1;0;7;1;21
1272;51;2024-10-06 00:00:00;0;0;11;2;22
1273;51;2024-10-06 00:00:00;1;0;11;3;23
1274;51;2024-10-06 00:00:00;1;0;2;4;24
1275;51;2024-10-06 00:00:00;0;0;7;5;25
1276;52;2024-10-06 00:00:00;1;0;3;1;1
1277;52;2024-10-06 00:00:00;1;1;11;2;2
1278;52;2024-10-06 00:00:00;1;0;4;3;3
1279;52;2024-10-06 00:00:00;1;1;7;4;4
1280;52;2024-10-06 00:00:00;1;0;13;5;5
1281;52;2024-10-06 00:00:00;1;0;13;1;6
1282;52;2024-10-06 00:00:00;1;0;7;2;7
1283;52;2024-10-06 00:00:00;1;0;13;3;8
1284;52;2024-10-06 00:00:00;1;0;12;4;9
1285;52;2024-10-06 00:00:00;1;0;2;5;10
1286;52;2024-10-06 00:00:00;1;0;8;1;11
1287;52;2024-10-06 00:00:00;1;0;12;2;12
1288;52;2024-10-06 00:00:00;1;1;12;3;13
1289;52;2024-10-06 00:00:00;1;0;9;4;14
1290;52;2024-10-06 00:00:00;0;1;7;5;15
1291;52;2024-10-06 00:00:00;1;0;2;1;16
1292;52;2024-10-06 00:00:00;1;0;12;2;17
1293;52;2024-10-06 00:00:00;1;1;13;3;18
1294;52;2024-10-06 00:00:00;0;1;4;4;19
1295;52;2024-10-06 00:00:00;0;0;9;5;20
1296;52;2024-10-06 00:00:00;1;1;2;1;21
1297;52;2024-10-06 00:00:00;1;0;8;2;22
1298;52;2024-10-06 00:00:00;1;0;12;3;23
1299;52;2024-10-06 00:00:00;1;0;1;4;24
1300;52;2024-10-06 00:00:00;1;0;6;5;25
1301;53;2024-10-06 00:00:00;0;1;11;1;1
1302;53;2024-10-06 00:00:00;1;0;5;2;2
1303;53;2024-10-06 00:00:00;1;0;1;3;3
1304;53;2024-10-06 00:00:00;0;1;13;4;4
1305;53;2024-10-06 00:00:00;1;0;1;5;5
1306;53;2024-10-06 00:00:00;1;1;9;1;6
1307;53;2024-10-06 00:00:00;1;0;12;2;7
1308;53;2024-10-06 00:00:00;1;0;4;3;8
1309;53;2024-10-06 00:00:00;1;1;8;4;9
1310;53;2024-10-06 00:00:00;1;0;6;5;10
1311;53;2024-10-06 00:00:00;1;0;7;1;11
1312;53;2024-10-06 00:00:00;1;0;12;2;12
1313;53;2024-10-06 00:00:00;1;0;3;3;13
1314;53;2024-10-06 00:00:00;1;0;2;4;14
1315;53;2024-10-06 00:00:00;1;0;8;5;15
1316;53;2024-10-06 00:00:00;1;0;7;1;16
1317;53;2024-10-06 00:00:00;1;0;4;2;17
1318;53;2024-10-06 00:00:00;1;1;11;3;18
1319;53;2024-10-06 00:00:00;0;0;3;4;19
1320;53;2024-10-06 00:00:00;1;0;4;5;20
1321;53;2024-10-06 00:00:00;1;0;10;1;21
1322;53;2024-10-06 00:00:00;1;0;6;2;22
1323;53;2024-10-06 00:00:00;1;0;9;3;23
1324;53;2024-10-06 00:00:00;1;0;2;4;24
1325;53;2024-10-06 00:00:00;1;0;1;5;25
1326;54;2024-10-06 00:00:00;1;0;8;1;1
1327;54;2024-10-06 00:00:00;1;0;8;2;2
1328;54;2024-10-06 00:00:00;1;0;3;3;3
1329;54;2024-10-06 00:00:00;1;1;2;4;4
1330;54;2024-10-06 00:00:00;1;1;7;5;5
1331;54;2024-10-06 00:00:00;1;1;2;1;6
1332;54;2024-10-06 00:00:00;1;0;6;2;7
1333;54;2024-10-06 00:00:00;1;1;6;3;8
1334;54;2024-10-06 00:00:00;1;0;3;4;9
1335;54;2024-10-06 00:00:00;1;1;1;5;10
1336;54;2024-10-06 00:00:00;1;0;10;1;11
1337;54;2024-10-06 00:00:00;1;0;9;2;12
1338;54;2024-10-06 00:00:00;1;0;5;3;13
1339;54;2024-10-06 00:00:00;1;1;5;4;14
1340;54;2024-10-06 00:00:00;0;0;1;5;15
1341;54;2024-10-06 00:00:00;1;1;8;1;16
1342;54;2024-10-06 00:00:00;1;0;1;2;17
1343;54;2024-10-06 00:00:00;1;0;5;3;18
1344;54;2024-10-06 00:00:00;1;0;7;4;19
1345;54;2024-10-06 00:00:00;1;0;13;5;20
1346;54;2024-10-06 00:00:00;1;0;7;1;21
1347;54;2024-10-06 00:00:00;1;0;6;2;22
1348;54;2024-10-06 00:00:00;1;0;7;3;23
1349;54;2024-10-06 00:00:00;1;0;5;4;24
1350;54;2024-10-06 00:00:00;0;0;11;5;25
1351;55;2024-10-06 00:00:00;1;0;1;1;1
1352;55;2024-10-06 00:00:00;1;0;9;2;2
1353;55;2024-10-06 00:00:00;1;0;1;3;3
1354;55;2024-10-06 00:00:00;1;1;11;4;4
1355;55;2024-10-06 00:00:00;1;0;2;5;5
1356;55;2024-10-06 00:00:00;1;0;7;1;6
1357;55;2024-10-06 00:00:00;1;0;13;2;7
1358;55;2024-10-06 00:00:00;0;0;1;3;8
1359;55;2024-10-06 00:00:00;1;0;11;4;9
1360;55;2024-10-06 00:00:00;1;0;7;5;10
1361;55;2024-10-06 00:00:00;1;1;13;1;11
1362;55;2024-10-06 00:00:00;1;0;10;2;12
1363;55;2024-10-06 00:00:00;1;0;6;3;13
1364;55;2024-10-06 00:00:00;1;0;11;4;14
1365;55;2024-10-06 00:00:00;1;0;4;5;15
1366;55;2024-10-06 00:00:00;1;1;2;1;16
1367;55;2024-10-06 00:00:00;1;0;4;2;17
1368;55;2024-10-06 00:00:00;0;0;3;3;18
1369;55;2024-10-06 00:00:00;1;0;3;4;19
1370;55;2024-10-06 00:00:00;1;0;13;5;20
1371;55;2024-10-06 00:00:00;1;0;5;1;21
1372;55;2024-10-06 00:00:00;1;0;5;2;22
1373;55;2024-10-06 00:00:00;1;0;2;3;23
1374;55;2024-10-06 00:00:00;1;0;7;4;24
1375;55;2024-10-06 00:00:00;1;0;13;5;25
1376;56;2024-10-06 00:00:00;0;1;10;1;1
1377;56;2024-10-06 00:00:00;1;1;10;2;2
1378;56;2024-10-06 00:00:00;1;0;9;3;3
1379;56;2024-10-06 00:00:00;1;0;11;4;4
1380;56;2024-10-06 00:00:00;1;0;4;5;5
1381;56;2024-10-06 00:00:00;1;0;12;1;6
1382;56;2024-10-06 00:00:00;0;0;6;2;7
1383;56;2024-10-06 00:00:00;1;0;11;3;8
1384;56;2024-10-06 00:00:00;1;0;6;4;9
1385;56;2024-10-06 00:00:00;1;0;13;5;10
1386;56;2024-10-06 00:00:00;1;0;2;1;11
1387;56;2024-10-06 00:00:00;1;0;12;2;12
1388;56;2024-10-06 00:00:00;1;1;7;3;13
1389;56;2024-10-06 00:00:00;1;0;3;4;14
1390;56;2024-10-06 00:00:00;1;1;2;5;15
1391;56;2024-10-06 00:00:00;1;0;7;1;16
1392;56;2024-10-06 00:00:00;1;1;10;2;17
1393;56;2024-10-06 00:00:00;1;0;6;3;18
1394;56;2024-10-06 00:00:00;1;1;7;4;19
1395;56;2024-10-06 00:00:00;1;0;2;5;20
1396;56;2024-10-06 00:00:00;1;1;4;1;21
1397;56;2024-10-06 00:00:00;0;0;13;2;22
1398;56;2024-10-06 00:00:00;1;0;9;3;23
1399;56;2024-10-06 00:00:00;1;0;11;4;24
1400;56;2024-10-06 00:00:00;1;1;6;5;25
1401;57;2024-10-06 00:00:00;1;1;12;1;1
1402;57;2024-10-06 00:00:00;1;0;2;2;2
1403;57;2024-10-06 00:00:00;1;1;11;3;3
1404;57;2024-10-06 00:00:00;1;0;5;4;4
1405;57;2024-10-06 00:00:00;1;0;13;5;5
1406;57;2024-10-06 00:00:00;1;0;6;1;6
1407;57;2024-10-06 00:00:00;1;1;8;2;7
1408;57;2024-10-06 00:00:00;1;0;11;3;8
1409;57;2024-10-06 00:00:00;1;0;9;4;9
1410;57;2024-10-06 00:00:00;0;0;6;5;10
1411;57;2024-10-06 00:00:00;1;0;3;1;11
1412;57;2024-10-06 00:00:00;1;0;6;2;12
1413;57;2024-10-06 00:00:00;1;0;7;3;13
1414;57;2024-10-06 00:00:00;1;0;7;4;14
1415;57;2024-10-06 00:00:00;1;1;11;5;15
1416;57;2024-10-06 00:00:00;1;0;5;1;16
1417;57;2024-10-06 00:00:00;1;0;9;2;17
1418;57;2024-10-06 00:00:00;1;0;12;3;18
1419;57;2024-10-06 00:00:00;0;0;13;4;19
1420;57;2024-10-06 00:00:00;1;0;4;5;20
1421;57;2024-10-06 00:00:00;1;0;12;1;21
1422;57;2024-10-06 00:00:00;1;0;9;2;22
1423;57;2024-10-06 00:00:00;1;0;4;3;23
1424;57;2024-10-06 00:00:00;1;0;2;4;24
1425;57;2024-10-06 00:00:00;1;0;12;5;25
1426;58;2024-10-06 00:00:00;1;0;12;1;1
1427;58;2024-10-06 00:00:00;1;0;12;2;2
1428;58;2024-10-06 00:00:00;0;0;3;3;3
1429;58;2024-10-06 00:00:00;1;0;10;4;4
1430;58;2024-10-06 00:00:00;1;1;12;5;5
1431;58;2024-10-06 00:00:00;1;0;13;1;6
1432;58;2024-10-06 00:00:00;1;1;5;2;7
1433;58;2024-10-06 00:00:00;1;0;8;3;8
1434;58;2024-10-06 00:00:00;1;1;1;4;9
1435;58;2024-10-06 00:00:00;1;0;9;5;10
1436;58;2024-10-06 00:00:00;1;0;3;1;11
1437;58;2024-10-06 00:00:00;1;1;6;2;12
1438;58;2024-10-06 00:00:00;1;0;6;3;13
1439;58;2024-10-06 00:00:00;1;0;13;4;14
1440;58;2024-10-06 00:00:00;0;0;5;5;15
1441;58;2024-10-06 00:00:00;1;0;9;1;16
1442;58;2024-10-06 00:00:00;1;0;2;2;17
1443;58;2024-10-06 00:00:00;1;1;10;3;18
1444;58;2024-10-06 00:00:00;1;0;10;4;19
1445;58;2024-10-06 00:00:00;1;0;3;5;20
1446;58;2024-10-06 00:00:00;1;0;8;1;21
1447;58;2024-10-06 00:00:00;1;0;4;2;22
1448;58;2024-10-06 00:00:00;1;0;9;3;23
1449;58;2024-10-06 00:00:00;1;0;8;4;24
1450;58;2024-10-06 00:00:00;1;0;10;5;25
1451;59;2024-10-06 00:00:00;0;0;4;1;1
1452;59;2024-10-06 00:00:00;1;0;5;2;2
1453;59;2024-10-06 00:00:00;1;0;9;3;3
1454;59;2024-10-06 00:00:00;1;0;13;4;4
1455;59;2024-10-06 00:00:00;0;0;5;5;5
1456;59;2024-10-06 00:00:00;1;0;8;1;6
1457;59;2024-10-06 00:00:00;1;0;6;2;7
1458;59;2024-10-06 00:00:00;1;1;5;3;8
1459;59;2024-10-06 00:00:00;1;1;4;4;9
1460;59;2024-10-06 00:00:00;1;0;1;5;10
1461;59;2024-10-06 00:00:00;1;0;1;1;11
1462;59;2024-10-06 00:00:00;0;0;4;2;12
1463;59;2024-10-06 00:00:00;1;0;5;3;13
1464;59;2024-10-06 00:00:00;1;0;13;4;14
1465;59;2024-10-06 00:00:00;1;0;9;5;15
1466;59;2024-10-06 00:00:00;1;0;5;1;16
1467;59;2024-10-06 00:00:00;1;0;8;2;17
1468;59;2024-10-06 00:00:00;1;1;12;3;18
1469;59;2024-10-06 00:00:00;1;1;2;4;19
1470;59;2024-10-06 00:00:00;1;0;8;5;20
1471;59;2024-10-06 00:00:00;1;1;2;1;21
1472;59;2024-10-06 00:00:00;1;0;10;2;22
1473;59;2024-10-06 00:00:00;1;0;6;3;23
1474;59;2024-10-06 00:00:00;1;0;3;4;24
1475;59;2024-10-06 00:00:00;1;0;10;5;25
1476;60;2024-10-06 00:00:00;1;0;10;1;1
1477;60;2024-10-06 00:00:00;1;1;3;2;2
1478;60;2024-10-06 00:00:00;1;0;6;3;3
1479;60;2024-10-06 00:00:00;1;0;8;4;4
1480;60;2024-10-06 00:00:00;1;0;12;5;5
1481;60;2024-10-06 00:00:00;1;1;13;1;6
1482;60;2024-10-06 00:00:00;1;0;3;2;7
1483;60;2024-10-06 00:00:00;1;0;9;3;8
1484;60;2024-10-06 00:00:00;1;0;12;4;9
1485;60;2024-10-06 00:00:00;1;0;12;5;10
1486;60;2024-10-06 00:00:00;1;0;4;1;11
1487;60;2024-10-06 00:00:00;1;0;2;2;12
1488;60;2024-10-06 00:00:00;1;0;2;3;13
1489;60;2024-10-06 00:00:00;1;0;4;4;14
1490;60;2024-10-06 00:00:00;1;0;10;5;15
1491;60;2024-10-06 00:00:00;1;0;4;1;16
1492;60;2024-10-06 00:00:00;1;0;13;2;17
1493;60;2024-10-06 00:00:00;1;1;2;3;18
1494;60;2024-10-06 00:00:00;1;0;7;4;19
1495;60;2024-10-06 00:00:00;0;1;5;5;20
1496;60;2024-10-06 00:00:00;1;0;8;1;21
1497;60;2024-10-06 00:00:00;0;1;4;2;22
1498;60;2024-10-06 00:00:00;1;0;7;3;23
1499;60;2024-10-06 00:00:00;1;0;10;4;24
1500;60;2024-10-06 00:00:00;1;1;1;5;25
1501;61;2024-10-07 00:00:00;1;0;4;1;1
1502;61;2024-10-07 00:00:00;1;0;9;2;2
1503;61;2024-10-07 00:00:00;1;0;6;3;3
1504;61;2024-10-07 00:00:00;1;0;6;4;4
1505;61;2024-10-07 00:00:00;1;0;4;5;5
1506;61;2024-10-07 00:00:00;1;1;10;1;6
1507;61;2024-10-07 00:00:00;1;1;6;2;7
1508;61;2024-10-07 00:00:00;1;0;5;3;8
1509;61;2024-10-07 00:00:00;1;0;7;4;9
1510;61;2024-10-07 00:00:00;1;0;1;5;10
1511;61;2024-10-07 00:00:00;1;0;1;1;11
1512;61;2024-10-07 00:00:00;1;0;4;2;12
1513;61;2024-10-07 00:00:00;1;1;12;3;13
1514;61;2024-10-07 00:00:00;1;0;13;4;14
1515;61;2024-10-07 00:00:00;1;0;11;5;15
1516;61;2024-10-07 00:00:00;1;1;11;1;16
1517;61;2024-10-07 00:00:00;1;0;12;2;17
1518;61;2024-10-07 00:00:00;1;0;6;3;18
1519;61;2024-10-07 00:00:00;1;1;3;4;19
1520;61;2024-10-07 00:00:00;1;0;13;5;20
1521;61;2024-10-07 00:00:00;1;0;2;1;21
1522;61;2024-10-07 00:00:00;1;1;5;2;22
1523;61;2024-10-07 00:00:00;1;0;1;3;23
1524;61;2024-10-07 00:00:00;1;0;8;4;24
1525;61;2024-10-07 00:00:00;1;0;12;5;25
1526;62;2024-10-07 00:00:00;1;0;10;1;1
1527;62;2024-10-07 00:00:00;1;0;13;2;2
1528;62;2024-10-07 00:00:00;1;0;13;3;3
1529;62;2024-10-07 00:00:00;1;0;4;4;4
1530;62;2024-10-07 00:00:00;1;0;5;5;5
1531;62;2024-10-07 00:00:00;1;0;5;1;6
1532;62;2024-10-07 00:00:00;1;1;8;2;7
1533;62;2024-10-07 00:00:00;1;0;6;3;8
1534;62;2024-10-07 00:00:00;1;0;2;4;9
1535;62;2024-10-07 00:00:00;1;0;8;5;10
1536;62;2024-10-07 00:00:00;1;0;10;1;11
1537;62;2024-10-07 00:00:00;1;0;4;2;12
1538;62;2024-10-07 00:00:00;1;0;11;3;13
1539;62;2024-10-07 00:00:00;1;0;7;4;14
1540;62;2024-10-07 00:00:00;1;1;2;5;15
1541;62;2024-10-07 00:00:00;0;0;9;1;16
1542;62;2024-10-07 00:00:00;1;0;1;2;17
1543;62;2024-10-07 00:00:00;1;0;5;3;18
1544;62;2024-10-07 00:00:00;1;0;5;4;19
1545;62;2024-10-07 00:00:00;0;0;8;5;20
1546;62;2024-10-07 00:00:00;1;0;8;1;21
1547;62;2024-10-07 00:00:00;1;0;13;2;22
1548;62;2024-10-07 00:00:00;1;0;11;3;23
1549;62;2024-10-07 00:00:00;1;1;5;4;24
1550;62;2024-10-07 00:00:00;1;0;8;5;25
1551;63;2024-10-07 00:00:00;1;0;4;1;1
1552;63;2024-10-07 00:00:00;1;1;12;2;2
1553;63;2024-10-07 00:00:00;1;1;9;3;3
1554;63;2024-10-07 00:00:00;1;0;6;4;4
1555;63;2024-10-07 00:00:00;1;0;13;5;5
1556;63;2024-10-07 00:00:00;1;0;3;1;6
1557;63;2024-10-07 00:00:00;1;0;7;2;7
1558;63;2024-10-07 00:00:00;1;0;8;3;8
1559;63;2024-10-07 00:00:00;1;0;1;4;9
1560;63;2024-10-07 00:00:00;1;1;12;5;10
1561;63;2024-10-07 00:00:00;1;0;11;1;11
1562;63;2024-10-07 00:00:00;1;0;8;2;12
1563;63;2024-10-07 00:00:00;1;0;13;3;13
1564;63;2024-10-07 00:00:00;1;0;9;4;14
1565;63;2024-10-07 00:00:00;1;0;1;5;15
1566;63;2024-10-07 00:00:00;1;0;10;1;16
1567;63;2024-10-07 00:00:00;1;0;3;2;17
1568;63;2024-10-07 00:00:00;1;0;10;3;18
1569;63;2024-10-07 00:00:00;1;0;4;4;19
1570;63;2024-10-07 00:00:00;1;0;6;5;20
1571;63;2024-10-07 00:00:00;1;0;8;1;21
1572;63;2024-10-07 00:00:00;1;0;9;2;22
1573;63;2024-10-07 00:00:00;1;0;7;3;23
1574;63;2024-10-07 00:00:00;0;1;12;4;24
1575;63;2024-10-07 00:00:00;1;0;10;5;25
1576;64;2024-10-07 00:00:00;1;1;4;1;1
1577;64;2024-10-07 00:00:00;1;0;6;2;2
1578;64;2024-10-07 00:00:00;1;0;2;3;3
1579;64;2024-10-07 00:00:00;1;0;7;4;4
1580;64;2024-10-07 00:00:00;1;0;10;5;5
1581;64;2024-10-07 00:00:00;1;0;8;1;6
1582;64;2024-10-07 00:00:00;1;1;3;2;7
1583;64;2024-10-07 00:00:00;1;0;7;3;8
1584;64;2024-10-07 00:00:00;1;0;2;4;9
1585;64;2024-10-07 00:00:00;1;0;5;5;10
1586;64;2024-10-07 00:00:00;1;0;7;1;11
1587;64;2024-10-07 00:00:00;1;0;9;2;12
1588;64;2024-10-07 00:00:00;1;0;8;3;13
1589;64;2024-10-07 00:00:00;1;0;12;4;14
1590;64;2024-10-07 00:00:00;1;0;9;5;15
1591;64;2024-10-07 00:00:00;1;0;4;1;16
1592;64;2024-10-07 00:00:00;1;0;8;2;17
1593;64;2024-10-07 00:00:00;1;0;2;3;18
1594;64;2024-10-07 00:00:00;1;0;13;4;19
1595;64;2024-10-07 00:00:00;1;0;5;5;20
1596;64;2024-10-07 00:00:00;1;0;5;1;21
1597;64;2024-10-07 00:00:00;1;0;10;2;22
1598;64;2024-10-07 00:00:00;1;0;7;3;23
1599;64;2024-10-07 00:00:00;1;0;9;4;24
1600;64;2024-10-07 00:00:00;1;0;7;5;25
1601;65;2024-10-07 00:00:00;1;0;5;1;1
1602;65;2024-10-07 00:00:00;0;0;6;2;2
1603;65;2024-10-07 00:00:00;1;0;11;3;3
1604;65;2024-10-07 00:00:00;1;0;12;4;4
1605;65;2024-10-07 00:00:00;1;0;2;5;5
1606;65;2024-10-07 00:00:00;1;0;4;1;6
1607;65;2024-10-07 00:00:00;1;0;13;2;7
1608;65;2024-10-07 00:00:00;1;0;3;3;8
1609;65;2024-10-07 00:00:00;0;0;11;4;9
1610;65;2024-10-07 00:00:00;1;0;12;5;10
1611;65;2024-10-07 00:00:00;1;1;11;1;11
1612;65;2024-10-07 00:00:00;1;0;1;2;12
1613;65;2024-10-07 00:00:00;1;0;1;3;13
1614;65;2024-10-07 00:00:00;1;0;11;4;14
1615;65;2024-10-07 00:00:00;1;0;13;5;15
1616;65;2024-10-07 00:00:00;1;0;1;1;16
1617;65;2024-10-07 00:00:00;1;1;7;2;17
1618;65;2024-10-07 00:00:00;1;0;1;3;18
1619;65;2024-10-07 00:00:00;1;0;3;4;19
1620;65;2024-10-07 00:00:00;1;0;6;5;20
1621;65;2024-10-07 00:00:00;1;0;5;1;21
1622;65;2024-10-07 00:00:00;1;1;12;2;22
1623;65;2024-10-07 00:00:00;1;0;12;3;23
1624;65;2024-10-07 00:00:00;1;0;9;4;24
1625;65;2024-10-07 00:00:00;1;0;4;5;25
1626;66;2024-10-07 00:00:00;1;0;5;1;1
1627;66;2024-10-07 00:00:00;1;0;5;2;2
1628;66;2024-10-07 00:00:00;1;0;9;3;3
1629;66;2024-10-07 00:00:00;1;0;12;4;4
1630;66;2024-10-07 00:00:00;1;1;11;5;5
1631;66;2024-10-07 00:00:00;1;0;12;1;6
1632;66;2024-10-07 00:00:00;1;0;9;2;7
1633;66;2024-10-07 00:00:00;1;0;7;3;8
1634;66;2024-10-07 00:00:00;1;1;9;4;9
1635;66;2024-10-07 00:00:00;1;0;1;5;10
1636;66;2024-10-07 00:00:00;1;0;8;1;11
1637;66;2024-10-07 00:00:00;1;0;10;2;12
1638;66;2024-10-07 00:00:00;1;0;9;3;13
1639;66;2024-10-07 00:00:00;1;1;10;4;14
1640;66;2024-10-07 00:00:00;1;0;8;5;15
1641;66;2024-10-07 00:00:00;0;0;13;1;16
1642;66;2024-10-07 00:00:00;1;0;10;2;17
1643;66;2024-10-07 00:00:00;1;0;12;3;18
1644;66;2024-10-07 00:00:00;1;0;13;4;19
1645;66;2024-10-07 00:00:00;1;1;10;5;20
1646;66;2024-10-07 00:00:00;1;1;4;1;21
1647;66;2024-10-07 00:00:00;1;0;4;2;22
1648;66;2024-10-07 00:00:00;1;0;2;3;23
1649;66;2024-10-07 00:00:00;1;0;10;4;24
1650;66;2024-10-07 00:00:00;1;0;3;5;25
1651;67;2024-10-07 00:00:00;1;0;12;1;1
1652;67;2024-10-07 00:00:00;1;0;12;2;2
1653;67;2024-10-07 00:00:00;1;0;6;3;3
1654;67;2024-10-07 00:00:00;1;0;1;4;4
1655;67;2024-10-07 00:00:00;1;0;11;5;5
1656;67;2024-10-07 00:00:00;0;0;12;1;6
1657;67;2024-10-07 00:00:00;1;0;7;2;7
1658;67;2024-10-07 00:00:00;1;0;11;3;8
1659;67;2024-10-07 00:00:00;1;1;3;4;9
1660;67;2024-10-07 00:00:00;1;0;8;5;10
1661;67;2024-10-07 00:00:00;1;1;4;1;11
1662;67;2024-10-07 00:00:00;1;0;8;2;12
1663;67;2024-10-07 00:00:00;0;0;9;3;13
1664;67;2024-10-07 00:00:00;1;0;8;4;14
1665;67;2024-10-07 00:00:00;1;0;2;5;15
1666;67;2024-10-07 00:00:00;1;0;9;1;16
1667;67;2024-10-07 00:00:00;1;1;12;2;17
1668;67;2024-10-07 00:00:00;0;0;12;3;18
1669;67;2024-10-07 00:00:00;1;0;12;4;19
1670;67;2024-10-07 00:00:00;1;0;4;5;20
1671;67;2024-10-07 00:00:00;1;0;13;1;21
1672;67;2024-10-07 00:00:00;1;0;10;2;22
1673;67;2024-10-07 00:00:00;1;0;6;3;23
1674;67;2024-10-07 00:00:00;1;1;5;4;24
1675;67;2024-10-07 00:00:00;1;1;5;5;25
1676;68;2024-10-07 00:00:00;1;0;5;1;1
1677;68;2024-10-07 00:00:00;1;1;1;2;2
1678;68;2024-10-07 00:00:00;1;0;11;3;3
1679;68;2024-10-07 00:00:00;1;0;9;4;4
1680;68;2024-10-07 00:00:00;1;0;10;5;5
1681;68;2024-10-07 00:00:00;0;0;12;1;6
1682;68;2024-10-07 00:00:00;1;0;10;2;7
1683;68;2024-10-07 00:00:00;1;0;1;3;8
1684;68;2024-10-07 00:00:00;1;0;2;4;9
1685;68;2024-10-07 00:00:00;1;0;11;5;10
1686;68;2024-10-07 00:00:00;1;1;4;1;11
1687;68;2024-10-07 00:00:00;0;0;9;2;12
1688;68;2024-10-07 00:00:00;1;0;7;3;13
1689;68;2024-10-07 00:00:00;0;0;5;4;14
1690;68;2024-10-07 00:00:00;1;1;6;5;15
1691;68;2024-10-07 00:00:00;1;1;11;1;16
1692;68;2024-10-07 00:00:00;1;1;7;2;17
1693;68;2024-10-07 00:00:00;1;0;9;3;18
1694;68;2024-10-07 00:00:00;1;0;10;4;19
1695;68;2024-10-07 00:00:00;1;1;5;5;20
1696;68;2024-10-07 00:00:00;1;0;11;1;21
1697;68;2024-10-07 00:00:00;1;0;1;2;22
1698;68;2024-10-07 00:00:00;1;0;4;3;23
1699;68;2024-10-07 00:00:00;1;0;7;4;24
1700;68;2024-10-07 00:00:00;1;0;7;5;25
1701;69;2024-10-07 00:00:00;1;1;3;1;1
1702;69;2024-10-07 00:00:00;1;0;13;2;2
1703;69;2024-10-07 00:00:00;1;0;12;3;3
1704;69;2024-10-07 00:00:00;1;0;3;4;4
1705;69;2024-10-07 00:00:00;1;1;13;5;5
1706;69;2024-10-07 00:00:00;1;0;5;1;6
1707;69;2024-10-07 00:00:00;1;0;4;2;7
1708;69;2024-10-07 00:00:00;1;0;3;3;8
1709;69;2024-10-07 00:00:00;1;0;8;4;9
1710;69;2024-10-07 00:00:00;1;0;10;5;10
1711;69;2024-10-07 00:00:00;1;0;5;1;11
1712;69;2024-10-07 00:00:00;1;0;5;2;12
1713;69;2024-10-07 00:00:00;1;0;12;3;13
1714;69;2024-10-07 00:00:00;1;1;11;4;14
1715;69;2024-10-07 00:00:00;1;0;2;5;15
1716;69;2024-10-07 00:00:00;1;1;2;1;16
1717;69;2024-10-07 00:00:00;1;0;12;2;17
1718;69;2024-10-07 00:00:00;1;0;8;3;18
1719;69;2024-10-07 00:00:00;1;0;1;4;19
1720;69;2024-10-07 00:00:00;1;0;11;5;20
1721;69;2024-10-07 00:00:00;1;1;3;1;21
1722;69;2024-10-07 00:00:00;1;0;13;2;22
1723;69;2024-10-07 00:00:00;1;0;13;3;23
1724;69;2024-10-07 00:00:00;1;0;1;4;24
1725;69;2024-10-07 00:00:00;0;1;2;5;25
1726;70;2024-10-07 00:00:00;1;0;7;1;1
1727;70;2024-10-07 00:00:00;1;0;10;2;2
1728;70;2024-10-07 00:00:00;1;0;12;3;3
1729;70;2024-10-07 00:00:00;0;0;4;4;4
1730;70;2024-10-07 00:00:00;0;0;10;5;5
1731;70;2024-10-07 00:00:00;1;1;2;1;6
1732;70;2024-10-07 00:00:00;1;0;6;2;7
1733;70;2024-10-07 00:00:00;1;0;2;3;8
1734;70;2024-10-07 00:00:00;0;0;11;4;9
1735;70;2024-10-07 00:00:00;1;0;7;5;10
1736;70;2024-10-07 00:00:00;1;0;4;1;11
1737;70;2024-10-07 00:00:00;1;0;2;2;12
1738;70;2024-10-07 00:00:00;1;0;2;3;13
1739;70;2024-10-07 00:00:00;1;0;12;4;14
1740;70;2024-10-07 00:00:00;1;0;8;5;15
1741;70;2024-10-07 00:00:00;1;0;9;1;16
1742;70;2024-10-07 00:00:00;1;0;9;2;17
1743;70;2024-10-07 00:00:00;1;0;8;3;18
1744;70;2024-10-07 00:00:00;1;0;4;4;19
1745;70;2024-10-07 00:00:00;0;0;7;5;20
1746;70;2024-10-07 00:00:00;1;0;8;1;21
1747;70;2024-10-07 00:00:00;1;0;2;2;22
1748;70;2024-10-07 00:00:00;1;0;10;3;23
1749;70;2024-10-07 00:00:00;1;0;5;4;24
1750;70;2024-10-07 00:00:00;1;0;3;5;25
1751;71;2024-10-08 00:00:00;0;1;5;1;1
1752;71;2024-10-08 00:00:00;1;0;4;2;2
1753;71;2024-10-08 00:00:00;1;1;13;3;3
1754;71;2024-10-08 00:00:00;1;0;2;4;4
1755;71;2024-10-08 00:00:00;1;0;12;5;5
1756;71;2024-10-08 00:00:00;1;0;1;1;6
1757;71;2024-10-08 00:00:00;1;0;10;2;7
1758;71;2024-10-08 00:00:00;1;0;9;3;8
1759;71;2024-10-08 00:00:00;1;0;3;4;9
1760;71;2024-10-08 00:00:00;1;1;2;5;10
1761;71;2024-10-08 00:00:00;1;0;3;1;11
1762;71;2024-10-08 00:00:00;1;0;2;2;12
1763;71;2024-10-08 00:00:00;1;0;10;3;13
1764;71;2024-10-08 00:00:00;1;0;13;4;14
1765;71;2024-10-08 00:00:00;1;0;4;5;15
1766;71;2024-10-08 00:00:00;1;1;6;1;16
1767;71;2024-10-08 00:00:00;1;0;7;2;17
1768;71;2024-10-08 00:00:00;1;0;6;3;18
1769;71;2024-10-08 00:00:00;1;0;10;4;19
1770;71;2024-10-08 00:00:00;1;0;6;5;20
1771;71;2024-10-08 00:00:00;1;0;2;1;21
1772;71;2024-10-08 00:00:00;1;1;7;2;22
1773;71;2024-10-08 00:00:00;0;0;6;3;23
1774;71;2024-10-08 00:00:00;1;0;12;4;24
1775;71;2024-10-08 00:00:00;1;0;10;5;25
1776;72;2024-10-08 00:00:00;1;1;7;1;1
1777;72;2024-10-08 00:00:00;1;1;11;2;2
1778;72;2024-10-08 00:00:00;1;0;1;3;3
1779;72;2024-10-08 00:00:00;1;1;2;4;4
1780;72;2024-10-08 00:00:00;1;0;2;5;5
1781;72;2024-10-08 00:00:00;1;0;9;1;6
1782;72;2024-10-08 00:00:00;1;1;4;2;7
1783;72;2024-10-08 00:00:00;1;0;6;3;8
1784;72;2024-10-08 00:00:00;1;0;7;4;9
1785;72;2024-10-08 00:00:00;1;0;7;5;10
1786;72;2024-10-08 00:00:00;1;0;2;1;11
1787;72;2024-10-08 00:00:00;1;0;7;2;12
1788;72;2024-10-08 00:00:00;0;0;1;3;13
1789;72;2024-10-08 00:00:00;1;0;3;4;14
1790;72;2024-10-08 00:00:00;1;0;3;5;15
1791;72;2024-10-08 00:00:00;1;0;13;1;16
1792;72;2024-10-08 00:00:00;1;0;4;2;17
1793;72;2024-10-08 00:00:00;1;0;1;3;18
1794;72;2024-10-08 00:00:00;0;0;6;4;19
1795;72;2024-10-08 00:00:00;1;0;8;5;20
1796;72;2024-10-08 00:00:00;1;0;9;1;21
1797;72;2024-10-08 00:00:00;1;0;11;2;22
1798;72;2024-10-08 00:00:00;1;0;8;3;23
1799;72;2024-10-08 00:00:00;1;0;5;4;24
1800;72;2024-10-08 00:00:00;1;0;3;5;25
1801;73;2024-10-08 00:00:00;0;0;9;1;1
1802;73;2024-10-08 00:00:00;1;0;2;2;2
1803;73;2024-10-08 00:00:00;1;1;4;3;3
1804;73;2024-10-08 00:00:00;1;0;12;4;4
1805;73;2024-10-08 00:00:00;1;0;4;5;5
1806;73;2024-10-08 00:00:00;1;0;10;1;6
1807;73;2024-10-08 00:00:00;1;1;11;2;7
1808;73;2024-10-08 00:00:00;1;0;7;3;8
1809;73;2024-10-08 00:00:00;1;1;11;4;9
1810;73;2024-10-08 00:00:00;1;0;13;5;10
1811;73;2024-10-08 00:00:00;0;0;1;1;11
1812;73;2024-10-08 00:00:00;1;0;4;2;12
1813;73;2024-10-08 00:00:00;1;0;8;3;13
1814;73;2024-10-08 00:00:00;1;0;1;4;14
1815;73;2024-10-08 00:00:00;1;0;3;5;15
1816;73;2024-10-08 00:00:00;1;0;8;1;16
1817;73;2024-10-08 00:00:00;1;0;8;2;17
1818;73;2024-10-08 00:00:00;1;0;11;3;18
1819;73;2024-10-08 00:00:00;1;0;2;4;19
1820;73;2024-10-08 00:00:00;1;0;7;5;20
1821;73;2024-10-08 00:00:00;1;0;2;1;21
1822;73;2024-10-08 00:00:00;1;0;3;2;22
1823;73;2024-10-08 00:00:00;1;0;9;3;23
1824;73;2024-10-08 00:00:00;1;0;4;4;24
1825;73;2024-10-08 00:00:00;1;0;10;5;25
1826;74;2024-10-08 00:00:00;1;0;9;1;1
1827;74;2024-10-08 00:00:00;1;0;9;2;2
1828;74;2024-10-08 00:00:00;1;0;9;3;3
1829;74;2024-10-08 00:00:00;1;1;12;4;4
1830;74;2024-10-08 00:00:00;1;0;10;5;5
1831;74;2024-10-08 00:00:00;1;0;7;1;6
1832;74;2024-10-08 00:00:00;1;0;4;2;7
1833;74;2024-10-08 00:00:00;1;0;13;3;8
1834;74;2024-10-08 00:00:00;1;0;4;4;9
1835;74;2024-10-08 00:00:00;1;1;10;5;10
1836;74;2024-10-08 00:00:00;1;1;3;1;11
1837;74;2024-10-08 00:00:00;1;0;3;2;12
1838;74;2024-10-08 00:00:00;1;1;3;3;13
1839;74;2024-10-08 00:00:00;1;0;1;4;14
1840;74;2024-10-08 00:00:00;1;0;4;5;15
1841;74;2024-10-08 00:00:00;1;0;6;1;16
1842;74;2024-10-08 00:00:00;1;0;5;2;17
1843;74;2024-10-08 00:00:00;0;0;13;3;18
1844;74;2024-10-08 00:00:00;1;0;3;4;19
1845;74;2024-10-08 00:00:00;1;0;13;5;20
1846;74;2024-10-08 00:00:00;1;0;9;1;21
1847;74;2024-10-08 00:00:00;1;0;4;2;22
1848;74;2024-10-08 00:00:00;1;1;8;3;23
1849;74;2024-10-08 00:00:00;1;0;6;4;24
1850;74;2024-10-08 00:00:00;1;1;6;5;25
1851;75;2024-10-08 00:00:00;0;0;12;1;1
1852;75;2024-10-08 00:00:00;1;0;5;2;2
1853;75;2024-10-08 00:00:00;0;1;9;3;3
1854;75;2024-10-08 00:00:00;1;0;2;4;4
1855;75;2024-10-08 00:00:00;1;0;2;5;5
1856;75;2024-10-08 00:00:00;1;0;9;1;6
1857;75;2024-10-08 00:00:00;1;1;6;2;7
1858;75;2024-10-08 00:00:00;1;0;2;3;8
1859;75;2024-10-08 00:00:00;1;0;7;4;9
1860;75;2024-10-08 00:00:00;1;0;3;5;10
1861;75;2024-10-08 00:00:00;1;0;9;1;11
1862;75;2024-10-08 00:00:00;1;0;13;2;12
1863;75;2024-10-08 00:00:00;1;1;12;3;13
1864;75;2024-10-08 00:00:00;1;0;13;4;14
1865;75;2024-10-08 00:00:00;0;1;3;5;15
1866;75;2024-10-08 00:00:00;1;0;4;1;16
1867;75;2024-10-08 00:00:00;1;0;2;2;17
1868;75;2024-10-08 00:00:00;1;0;6;3;18
1869;75;2024-10-08 00:00:00;1;0;12;4;19
1870;75;2024-10-08 00:00:00;1;0;9;5;20
1871;75;2024-10-08 00:00:00;1;0;13;1;21
1872;75;2024-10-08 00:00:00;1;0;6;2;22
1873;75;2024-10-08 00:00:00;1;0;7;3;23
1874;75;2024-10-08 00:00:00;1;1;9;4;24
1875;75;2024-10-08 00:00:00;1;0;2;5;25
1876;76;2024-10-08 00:00:00;1;0;1;1;1
1877;76;2024-10-08 00:00:00;1;1;5;2;2
1878;76;2024-10-08 00:00:00;1;0;12;3;3
1879;76;2024-10-08 00:00:00;1;0;1;4;4
1880;76;2024-10-08 00:00:00;1;0;5;5;5
1881;76;2024-10-08 00:00:00;1;0;7;1;6
1882;76;2024-10-08 00:00:00;1;0;12;2;7
1883;76;2024-10-08 00:00:00;1;0;7;3;8
1884;76;2024-10-08 00:00:00;1;1;10;4;9
1885;76;2024-10-08 00:00:00;1;0;9;5;10
1886;76;2024-10-08 00:00:00;1;0;10;1;11
1887;76;2024-10-08 00:00:00;1;0;12;2;12
1888;76;2024-10-08 00:00:00;1;0;1;3;13
1889;76;2024-10-08 00:00:00;1;0;9;4;14
1890;76;2024-10-08 00:00:00;1;1;11;5;15
1891;76;2024-10-08 00:00:00;1;0;7;1;16
1892;76;2024-10-08 00:00:00;0;0;2;2;17
1893;76;2024-10-08 00:00:00;1;0;1;3;18
1894;76;2024-10-08 00:00:00;1;0;1;4;19
1895;76;2024-10-08 00:00:00;0;0;8;5;20
1896;76;2024-10-08 00:00:00;1;0;12;1;21
1897;76;2024-10-08 00:00:00;1;0;6;2;22
1898;76;2024-10-08 00:00:00;1;0;7;3;23
1899;76;2024-10-08 00:00:00;1;0;1;4;24
1900;76;2024-10-08 00:00:00;0;0;6;5;25
1901;77;2024-10-08 00:00:00;1;0;6;1;1
1902;77;2024-10-08 00:00:00;1;0;11;2;2
1903;77;2024-10-08 00:00:00;1;0;6;3;3
1904;77;2024-10-08 00:00:00;1;1;5;4;4
1905;77;2024-10-08 00:00:00;1;1;5;5;5
1906;77;2024-10-08 00:00:00;1;0;4;1;6
1907;77;2024-10-08 00:00:00;1;0;2;2;7
1908;77;2024-10-08 00:00:00;1;0;5;3;8
1909;77;2024-10-08 00:00:00;0;0;12;4;9
1910;77;2024-10-08 00:00:00;1;0;11;5;10
1911;77;2024-10-08 00:00:00;1;0;9;1;11
1912;77;2024-10-08 00:00:00;1;0;12;2;12
1913;77;2024-10-08 00:00:00;0;1;12;3;13
1914;77;2024-10-08 00:00:00;1;1;7;4;14
1915;77;2024-10-08 00:00:00;1;0;2;5;15
1916;77;2024-10-08 00:00:00;1;0;12;1;16
1917;77;2024-10-08 00:00:00;1;0;5;2;17
1918;77;2024-10-08 00:00:00;0;0;10;3;18
1919;77;2024-10-08 00:00:00;1;0;9;4;19
1920;77;2024-10-08 00:00:00;0;0;1;5;20
1921;77;2024-10-08 00:00:00;1;0;13;1;21
1922;77;2024-10-08 00:00:00;0;1;1;2;22
1923;77;2024-10-08 00:00:00;1;1;3;3;23
1924;77;2024-10-08 00:00:00;1;0;7;4;24
1925;77;2024-10-08 00:00:00;1;0;4;5;25
1926;78;2024-10-08 00:00:00;1;0;4;1;1
1927;78;2024-10-08 00:00:00;1;0;8;2;2
1928;78;2024-10-08 00:00:00;1;0;7;3;3
1929;78;2024-10-08 00:00:00;1;0;4;4;4
1930;78;2024-10-08 00:00:00;1;0;1;5;5
1931;78;2024-10-08 00:00:00;1;0;11;1;6
1932;78;2024-10-08 00:00:00;0;0;1;2;7
1933;78;2024-10-08 00:00:00;1;0;8;3;8
1934;78;2024-10-08 00:00:00;1;0;9;4;9
1935;78;2024-10-08 00:00:00;1;1;5;5;10
1936;78;2024-10-08 00:00:00;1;0;2;1;11
1937;78;2024-10-08 00:00:00;1;0;4;2;12
1938;78;2024-10-08 00:00:00;1;0;9;3;13
1939;78;2024-10-08 00:00:00;1;0;8;4;14
1940;78;2024-10-08 00:00:00;1;1;7;5;15
1941;78;2024-10-08 00:00:00;1;1;5;1;16
1942;78;2024-10-08 00:00:00;1;0;4;2;17
1943;78;2024-10-08 00:00:00;1;0;11;3;18
1944;78;2024-10-08 00:00:00;0;1;8;4;19
1945;78;2024-10-08 00:00:00;1;0;7;5;20
1946;78;2024-10-08 00:00:00;1;0;11;1;21
1947;78;2024-10-08 00:00:00;1;0;4;2;22
1948;78;2024-10-08 00:00:00;0;1;12;3;23
1949;78;2024-10-08 00:00:00;1;0;5;4;24
1950;78;2024-10-08 00:00:00;1;0;4;5;25
1951;79;2024-10-08 00:00:00;1;0;13;1;1
1952;79;2024-10-08 00:00:00;1;0;9;2;2
1953;79;2024-10-08 00:00:00;1;0;3;3;3
1954;79;2024-10-08 00:00:00;1;0;3;4;4
1955;79;2024-10-08 00:00:00;1;0;8;5;5
1956;79;2024-10-08 00:00:00;1;1;13;1;6
1957;79;2024-10-08 00:00:00;1;0;13;2;7
1958;79;2024-10-08 00:00:00;1;0;12;3;8
1959;79;2024-10-08 00:00:00;1;0;10;4;9
1960;79;2024-10-08 00:00:00;1;0;8;5;10
1961;79;2024-10-08 00:00:00;1;0;2;1;11
1962;79;2024-10-08 00:00:00;1;0;1;2;12
1963;79;2024-10-08 00:00:00;1;0;1;3;13
1964;79;2024-10-08 00:00:00;1;1;6;4;14
1965;79;2024-10-08 00:00:00;1;1;6;5;15
1966;79;2024-10-08 00:00:00;1;0;3;1;16
1967;79;2024-10-08 00:00:00;1;0;2;2;17
1968;79;2024-10-08 00:00:00;1;0;11;3;18
1969;79;2024-10-08 00:00:00;1;0;13;4;19
1970;79;2024-10-08 00:00:00;1;1;11;5;20
1971;79;2024-10-08 00:00:00;1;0;13;1;21
1972;79;2024-10-08 00:00:00;1;0;8;2;22
1973;79;2024-10-08 00:00:00;1;0;12;3;23
1974;79;2024-10-08 00:00:00;1;0;2;4;24
1975;79;2024-10-08 00:00:00;1;0;4;5;25
1976;80;2024-10-08 00:00:00;0;0;12;1;1
1977;80;2024-10-08 00:00:00;1;0;11;2;2
1978;80;2024-10-08 00:00:00;1;0;9;3;3
1979;80;2024-10-08 00:00:00;0;0;9;4;4
1980;80;2024-10-08 00:00:00;1;0;5;5;5
1981;80;2024-10-08 00:00:00;0;0;5;1;6
1982;80;2024-10-08 00:00:00;1;1;7;2;7
1983;80;2024-10-08 00:00:00;1;0;7;3;8
1984;80;2024-10-08 00:00:00;1;1;7;4;9
1985;80;2024-10-08 00:00:00;1;1;8;5;10
1986;80;2024-10-08 00:00:00;1;0;8;1;11
1987;80;2024-10-08 00:00:00;1;0;8;2;12
1988;80;2024-10-08 00:00:00;1;0;3;3;13
1989;80;2024-10-08 00:00:00;1;1;13;4;14
1990;80;2024-10-08 00:00:00;1;0;4;5;15
1991;80;2024-10-08 00:00:00;1;0;10;1;16
1992;80;2024-10-08 00:00:00;1;0;4;2;17
1993;80;2024-10-08 00:00:00;1;0;11;3;18
1994;80;2024-10-08 00:00:00;1;0;8;4;19
1995;80;2024-10-08 00:00:00;1;0;7;5;20
1996;80;2024-10-08 00:00:00;1;0;12;1;21
1997;80;2024-10-08 00:00:00;1;0;8;2;22
1998;80;2024-10-08 00:00:00;1;0;6;3;23
1999;80;2024-10-08 00:00:00;1;1;4;4;24
2000;80;2024-10-08 00:00:00;1;0;8;5;25
2001;81;2024-10-09 00:00:00;1;0;9;1;1
2002;81;2024-10-09 00:00:00;1;1;2;2;2
2003;81;2024-10-09 00:00:00;1;0;3;3;3
2004;81;2024-10-09 00:00:00;1;0;3;4;4
2005;81;2024-10-09 00:00:00;1;0;7;5;5
2006;81;2024-10-09 00:00:00;1;0;5;1;6
2007;81;2024-10-09 00:00:00;1;0;11;2;7
2008;81;2024-10-09 00:00:00;1;1;13;3;8
2009;81;2024-10-09 00:00:00;1;0;8;4;9
2010;81;2024-10-09 00:00:00;1;0;8;5;10
2011;81;2024-10-09 00:00:00;1;0;2;1;11
2012;81;2024-10-09 00:00:00;1;0;9;2;12
2013;81;2024-10-09 00:00:00;1;0;9;3;13
2014;81;2024-10-09 00:00:00;1;1;2;4;14
2015;81;2024-10-09 00:00:00;1;0;1;5;15
2016;81;2024-10-09 00:00:00;1;0;6;1;16
2017;81;2024-10-09 00:00:00;0;0;12;2;17
2018;81;2024-10-09 00:00:00;1;0;4;3;18
2019;81;2024-10-09 00:00:00;1;0;1;4;19
2020;81;2024-10-09 00:00:00;1;0;8;5;20
2021;81;2024-10-09 00:00:00;1;0;2;1;21
2022;81;2024-10-09 00:00:00;1;0;4;2;22
2023;81;2024-10-09 00:00:00;1;0;6;3;23
2024;81;2024-10-09 00:00:00;1;0;7;4;24
2025;81;2024-10-09 00:00:00;1;0;5;5;25
2026;82;2024-10-09 00:00:00;1;0;6;1;1
2027;82;2024-10-09 00:00:00;1;0;7;2;2
2028;82;2024-10-09 00:00:00;0;0;1;3;3
2029;82;2024-10-09 00:00:00;1;0;12;4;4
2030;82;2024-10-09 00:00:00;1;0;4;5;5
2031;82;2024-10-09 00:00:00;1;0;7;1;6
2032;82;2024-10-09 00:00:00;1;0;5;2;7
2033;82;2024-10-09 00:00:00;1;1;3;3;8
2034;82;2024-10-09 00:00:00;1;0;7;4;9
2035;82;2024-10-09 00:00:00;1;0;8;5;10
2036;82;2024-10-09 00:00:00;1;0;5;1;11
2037;82;2024-10-09 00:00:00;0;0;11;2;12
2038;82;2024-10-09 00:00:00;1;1;3;3;13
2039;82;2024-10-09 00:00:00;1;0;12;4;14
2040;82;2024-10-09 00:00:00;1;1;7;5;15
2041;82;2024-10-09 00:00:00;0;0;12;1;16
2042;82;2024-10-09 00:00:00;1;0;3;2;17
2043;82;2024-10-09 00:00:00;1;0;11;3;18
2044;82;2024-10-09 00:00:00;1;0;6;4;19
2045;82;2024-10-09 00:00:00;1;0;5;5;20
2046;82;2024-10-09 00:00:00;1;0;7;1;21
2047;82;2024-10-09 00:00:00;1;1;5;2;22
2048;82;2024-10-09 00:00:00;0;0;11;3;23
2049;82;2024-10-09 00:00:00;1;0;3;4;24
2050;82;2024-10-09 00:00:00;1;0;5;5;25
2051;83;2024-10-09 00:00:00;1;0;8;1;1
2052;83;2024-10-09 00:00:00;1;0;4;2;2
2053;83;2024-10-09 00:00:00;1;0;6;3;3
2054;83;2024-10-09 00:00:00;1;0;10;4;4
2055;83;2024-10-09 00:00:00;1;0;11;5;5
2056;83;2024-10-09 00:00:00;1;0;11;1;6
2057;83;2024-10-09 00:00:00;1;0;2;2;7
2058;83;2024-10-09 00:00:00;1;1;4;3;8
2059;83;2024-10-09 00:00:00;1;0;7;4;9
2060;83;2024-10-09 00:00:00;1;1;12;5;10
2061;83;2024-10-09 00:00:00;1;0;2;1;11
2062;83;2024-10-09 00:00:00;1;0;4;2;12
2063;83;2024-10-09 00:00:00;1;1;2;3;13
2064;83;2024-10-09 00:00:00;1;0;12;4;14
2065;83;2024-10-09 00:00:00;1;0;9;5;15
2066;83;2024-10-09 00:00:00;1;0;10;1;16
2067;83;2024-10-09 00:00:00;1;0;6;2;17
2068;83;2024-10-09 00:00:00;1;0;5;3;18
2069;83;2024-10-09 00:00:00;1;0;5;4;19
2070;83;2024-10-09 00:00:00;1;1;6;5;20
2071;83;2024-10-09 00:00:00;1;0;6;1;21
2072;83;2024-10-09 00:00:00;1;0;10;2;22
2073;83;2024-10-09 00:00:00;1;0;7;3;23
2074;83;2024-10-09 00:00:00;1;0;10;4;24
2075;83;2024-10-09 00:00:00;1;0;9;5;25
2076;84;2024-10-09 00:00:00;1;0;2;1;1
2077;84;2024-10-09 00:00:00;1;1;1;2;2
2078;84;2024-10-09 00:00:00;1;0;4;3;3
2079;84;2024-10-09 00:00:00;1;1;1;4;4
2080;84;2024-10-09 00:00:00;1;0;12;5;5
2081;84;2024-10-09 00:00:00;1;1;13;1;6
2082;84;2024-10-09 00:00:00;1;0;6;2;7
2083;84;2024-10-09 00:00:00;1;0;2;3;8
2084;84;2024-10-09 00:00:00;1;0;9;4;9
2085;84;2024-10-09 00:00:00;1;0;3;5;10
2086;84;2024-10-09 00:00:00;1;0;11;1;11
2087;84;2024-10-09 00:00:00;1;0;10;2;12
2088;84;2024-10-09 00:00:00;1;0;13;3;13
2089;84;2024-10-09 00:00:00;0;0;6;4;14
2090;84;2024-10-09 00:00:00;1;1;13;5;15
2091;84;2024-10-09 00:00:00;1;0;10;1;16
2092;84;2024-10-09 00:00:00;1;0;10;2;17
2093;84;2024-10-09 00:00:00;1;0;11;3;18
2094;84;2024-10-09 00:00:00;1;1;7;4;19
2095;84;2024-10-09 00:00:00;1;1;7;5;20
2096;84;2024-10-09 00:00:00;1;1;9;1;21
2097;84;2024-10-09 00:00:00;1;1;10;2;22
2098;84;2024-10-09 00:00:00;1;0;3;3;23
2099;84;2024-10-09 00:00:00;1;0;7;4;24
2100;84;2024-10-09 00:00:00;1;0;4;5;25
2101;85;2024-10-09 00:00:00;1;1;7;1;1
2102;85;2024-10-09 00:00:00;1;1;13;2;2
2103;85;2024-10-09 00:00:00;1;0;10;3;3
2104;85;2024-10-09 00:00:00;1;0;13;4;4
2105;85;2024-10-09 00:00:00;1;0;1;5;5
2106;85;2024-10-09 00:00:00;1;0;6;1;6
2107;85;2024-10-09 00:00:00;1;1;7;2;7
2108;85;2024-10-09 00:00:00;1;0;11;3;8
2109;85;2024-10-09 00:00:00;1;0;1;4;9
2110;85;2024-10-09 00:00:00;1;0;8;5;10
2111;85;2024-10-09 00:00:00;1;0;13;1;11
2112;85;2024-10-09 00:00:00;1;0;6;2;12
2113;85;2024-10-09 00:00:00;1;0;1;3;13
2114;85;2024-10-09 00:00:00;1;0;7;4;14
2115;85;2024-10-09 00:00:00;1;0;12;5;15
2116;85;2024-10-09 00:00:00;1;0;13;1;16
2117;85;2024-10-09 00:00:00;1;0;11;2;17
2118;85;2024-10-09 00:00:00;1;0;4;3;18
2119;85;2024-10-09 00:00:00;1;0;1;4;19
2120;85;2024-10-09 00:00:00;1;0;6;5;20
2121;85;2024-10-09 00:00:00;1;0;11;1;21
2122;85;2024-10-09 00:00:00;1;0;1;2;22
2123;85;2024-10-09 00:00:00;1;0;11;3;23
2124;85;2024-10-09 00:00:00;1;0;6;4;24
2125;85;2024-10-09 00:00:00;1;0;3;5;25
2126;86;2024-10-09 00:00:00;0;0;12;1;1
2127;86;2024-10-09 00:00:00;1;0;6;2;2
2128;86;2024-10-09 00:00:00;1;1;11;3;3
2129;86;2024-10-09 00:00:00;1;1;11;4;4
2130;86;2024-10-09 00:00:00;1;0;2;5;5
2131;86;2024-10-09 00:00:00;1;0;5;1;6
2132;86;2024-10-09 00:00:00;1;0;9;2;7
2133;86;2024-10-09 00:00:00;1;0;6;3;8
2134;86;2024-10-09 00:00:00;1;1;10;4;9
2135;86;2024-10-09 00:00:00;1;0;11;5;10
2136;86;2024-10-09 00:00:00;1;0;2;1;11
2137;86;2024-10-09 00:00:00;1;0;11;2;12
2138;86;2024-10-09 00:00:00;1;0;7;3;13
2139;86;2024-10-09 00:00:00;1;0;9;4;14
2140;86;2024-10-09 00:00:00;1;0;8;5;15
2141;86;2024-10-09 00:00:00;1;0;6;1;16
2142;86;2024-10-09 00:00:00;1;0;4;2;17
2143;86;2024-10-09 00:00:00;1;0;1;3;18
2144;86;2024-10-09 00:00:00;1;0;4;4;19
2145;86;2024-10-09 00:00:00;1;0;10;5;20
2146;86;2024-10-09 00:00:00;1;1;13;1;21
2147;86;2024-10-09 00:00:00;0;0;7;2;22
2148;86;2024-10-09 00:00:00;1;0;6;3;23
2149;86;2024-10-09 00:00:00;0;0;3;4;24
2150;86;2024-10-09 00:00:00;1;0;11;5;25
2151;87;2024-10-09 00:00:00;1;0;2;1;1
2152;87;2024-10-09 00:00:00;1;0;11;2;2
2153;87;2024-10-09 00:00:00;1;0;8;3;3
2154;87;2024-10-09 00:00:00;1;0;11;4;4
2155;87;2024-10-09 00:00:00;0;0;12;5;5
2156;87;2024-10-09 00:00:00;1;0;10;1;6
2157;87;2024-10-09 00:00:00;1;0;7;2;7
2158;87;2024-10-09 00:00:00;0;0;4;3;8
2159;87;2024-10-09 00:00:00;1;0;5;4;9
2160;87;2024-10-09 00:00:00;0;0;8;5;10
2161;87;2024-10-09 00:00:00;1;0;1;1;11
2162;87;2024-10-09 00:00:00;0;1;9;2;12
2163;87;2024-10-09 00:00:00;1;0;8;3;13
2164;87;2024-10-09 00:00:00;1;1;3;4;14
2165;87;2024-10-09 00:00:00;1;1;8;5;15
2166;87;2024-10-09 00:00:00;0;0;4;1;16
2167;87;2024-10-09 00:00:00;0;0;1;2;17
2168;87;2024-10-09 00:00:00;1;1;1;3;18
2169;87;2024-10-09 00:00:00;1;0;10;4;19
2170;87;2024-10-09 00:00:00;0;0;11;5;20
2171;87;2024-10-09 00:00:00;1;0;3;1;21
2172;87;2024-10-09 00:00:00;1;0;12;2;22
2173;87;2024-10-09 00:00:00;1;0;7;3;23
2174;87;2024-10-09 00:00:00;0;0;10;4;24
2175;87;2024-10-09 00:00:00;1;0;6;5;25
2176;88;2024-10-09 00:00:00;1;0;8;1;1
2177;88;2024-10-09 00:00:00;1;0;12;2;2
2178;88;2024-10-09 00:00:00;1;0;8;3;3
2179;88;2024-10-09 00:00:00;1;1;1;4;4
2180;88;2024-10-09 00:00:00;0;1;2;5;5
2181;88;2024-10-09 00:00:00;1;0;12;1;6
2182;88;2024-10-09 00:00:00;0;0;6;2;7
2183;88;2024-10-09 00:00:00;1;0;12;3;8
2184;88;2024-10-09 00:00:00;1;0;1;4;9
2185;88;2024-10-09 00:00:00;1;0;9;5;10
2186;88;2024-10-09 00:00:00;1;0;8;1;11
2187;88;2024-10-09 00:00:00;1;1;11;2;12
2188;88;2024-10-09 00:00:00;0;0;11;3;13
2189;88;2024-10-09 00:00:00;1;0;11;4;14
2190;88;2024-10-09 00:00:00;1;0;6;5;15
2191;88;2024-10-09 00:00:00;1;0;4;1;16
2192;88;2024-10-09 00:00:00;1;0;7;2;17
2193;88;2024-10-09 00:00:00;1;0;8;3;18
2194;88;2024-10-09 00:00:00;1;0;2;4;19
2195;88;2024-10-09 00:00:00;1;0;8;5;20
2196;88;2024-10-09 00:00:00;0;1;1;1;21
2197;88;2024-10-09 00:00:00;1;0;7;2;22
2198;88;2024-10-09 00:00:00;1;0;8;3;23
2199;88;2024-10-09 00:00:00;1;1;9;4;24
2200;88;2024-10-09 00:00:00;1;0;9;5;25
2201;89;2024-10-09 00:00:00;1;0;11;1;1
2202;89;2024-10-09 00:00:00;1;0;11;2;2
2203;89;2024-10-09 00:00:00;1;0;2;3;3
2204;89;2024-10-09 00:00:00;1;0;1;4;4
2205;89;2024-10-09 00:00:00;1;0;7;5;5
2206;89;2024-10-09 00:00:00;1;0;13;1;6
2207;89;2024-10-09 00:00:00;1;0;10;2;7
2208;89;2024-10-09 00:00:00;1;0;12;3;8
2209;89;2024-10-09 00:00:00;1;0;12;4;9
2210;89;2024-10-09 00:00:00;1;0;7;5;10
2211;89;2024-10-09 00:00:00;1;0;12;1;11
2212;89;2024-10-09 00:00:00;0;0;13;2;12
2213;89;2024-10-09 00:00:00;1;1;4;3;13
2214;89;2024-10-09 00:00:00;1;0;8;4;14
2215;89;2024-10-09 00:00:00;1;0;6;5;15
2216;89;2024-10-09 00:00:00;1;1;12;1;16
2217;89;2024-10-09 00:00:00;1;0;10;2;17
2218;89;2024-10-09 00:00:00;1;0;5;3;18
2219;89;2024-10-09 00:00:00;1;1;2;4;19
2220;89;2024-10-09 00:00:00;1;0;3;5;20
2221;89;2024-10-09 00:00:00;0;0;13;1;21
2222;89;2024-10-09 00:00:00;1;1;12;2;22
2223;89;2024-10-09 00:00:00;1;1;13;3;23
2224;89;2024-10-09 00:00:00;1;0;13;4;24
2225;89;2024-10-09 00:00:00;1;1;3;5;25
2226;90;2024-10-09 00:00:00;1;0;3;1;1
2227;90;2024-10-09 00:00:00;1;0;7;2;2
2228;90;2024-10-09 00:00:00;1;0;9;3;3
2229;90;2024-10-09 00:00:00;1;0;8;4;4
2230;90;2024-10-09 00:00:00;1;0;5;5;5
2231;90;2024-10-09 00:00:00;0;0;1;1;6
2232;90;2024-10-09 00:00:00;1;0;2;2;7
2233;90;2024-10-09 00:00:00;1;0;2;3;8
2234;90;2024-10-09 00:00:00;1;0;13;4;9
2235;90;2024-10-09 00:00:00;1;0;9;5;10
2236;90;2024-10-09 00:00:00;1;1;7;1;11
2237;90;2024-10-09 00:00:00;1;0;4;2;12
2238;90;2024-10-09 00:00:00;1;1;13;3;13
2239;90;2024-10-09 00:00:00;1;1;12;4;14
2240;90;2024-10-09 00:00:00;1;0;2;5;15
2241;90;2024-10-09 00:00:00;1;0;2;1;16
2242;90;2024-10-09 00:00:00;1;1;9;2;17
2243;90;2024-10-09 00:00:00;1;0;4;3;18
2244;90;2024-10-09 00:00:00;1;0;11;4;19
2245;90;2024-10-09 00:00:00;1;0;9;5;20
2246;90;2024-10-09 00:00:00;1;1;13;1;21
2247;90;2024-10-09 00:00:00;1;0;8;2;22
2248;90;2024-10-09 00:00:00;1;0;3;3;23
2249;90;2024-10-09 00:00:00;1;0;1;4;24
2250;90;2024-10-09 00:00:00;1;0;6;5;25
2251;91;2024-10-10 00:00:00;1;0;8;1;1
2252;91;2024-10-10 00:00:00;1;0;9;2;2
2253;91;2024-10-10 00:00:00;1;0;9;3;3
2254;91;2024-10-10 00:00:00;1;0;1;4;4
2255;91;2024-10-10 00:00:00;1;0;13;5;5
2256;91;2024-10-10 00:00:00;1;0;4;1;6
2257;91;2024-10-10 00:00:00;1;0;7;2;7
2258;91;2024-10-10 00:00:00;1;0;10;3;8
2259;91;2024-10-10 00:00:00;1;0;13;4;9
2260;91;2024-10-10 00:00:00;1;0;1;5;10
2261;91;2024-10-10 00:00:00;1;0;3;1;11
2262;91;2024-10-10 00:00:00;1;0;3;2;12
2263;91;2024-10-10 00:00:00;1;0;4;3;13
2264;91;2024-10-10 00:00:00;1;1;4;4;14
2265;91;2024-10-10 00:00:00;1;0;8;5;15
2266;91;2024-10-10 00:00:00;1;1;5;1;16
2267;91;2024-10-10 00:00:00;1;0;3;2;17
2268;91;2024-10-10 00:00:00;1;0;10;3;18
2269;91;2024-10-10 00:00:00;1;1;1;4;19
2270;91;2024-10-10 00:00:00;1;1;7;5;20
2271;91;2024-10-10 00:00:00;1;0;5;1;21
2272;91;2024-10-10 00:00:00;1;0;5;2;22
2273;91;2024-10-10 00:00:00;1;0;1;3;23
2274;91;2024-10-10 00:00:00;1;0;8;4;24
2275;91;2024-10-10 00:00:00;1;0;9;5;25
2276;92;2024-10-10 00:00:00;1;1;1;1;1
2277;92;2024-10-10 00:00:00;1;0;1;2;2
2278;92;2024-10-10 00:00:00;1;0;7;3;3
2279;92;2024-10-10 00:00:00;1;0;9;4;4
2280;92;2024-10-10 00:00:00;1;0;4;5;5
2281;92;2024-10-10 00:00:00;1;0;8;1;6
2282;92;2024-10-10 00:00:00;1;1;10;2;7
2283;92;2024-10-10 00:00:00;1;1;5;3;8
2284;92;2024-10-10 00:00:00;1;0;7;4;9
2285;92;2024-10-10 00:00:00;1;1;5;5;10
2286;92;2024-10-10 00:00:00;1;0;4;1;11
2287;92;2024-10-10 00:00:00;1;1;2;2;12
2288;92;2024-10-10 00:00:00;1;0;10;3;13
2289;92;2024-10-10 00:00:00;1;1;10;4;14
2290;92;2024-10-10 00:00:00;1;0;6;5;15
2291;92;2024-10-10 00:00:00;1;0;1;1;16
2292;92;2024-10-10 00:00:00;1;0;1;2;17
2293;92;2024-10-10 00:00:00;1;0;13;3;18
2294;92;2024-10-10 00:00:00;1;0;11;4;19
2295;92;2024-10-10 00:00:00;1;0;12;5;20
2296;92;2024-10-10 00:00:00;1;1;12;1;21
2297;92;2024-10-10 00:00:00;1;0;2;2;22
2298;92;2024-10-10 00:00:00;1;0;13;3;23
2299;92;2024-10-10 00:00:00;1;0;4;4;24
2300;92;2024-10-10 00:00:00;1;0;12;5;25
2301;93;2024-10-10 00:00:00;1;0;1;1;1
2302;93;2024-10-10 00:00:00;1;0;1;2;2
2303;93;2024-10-10 00:00:00;1;1;4;3;3
2304;93;2024-10-10 00:00:00;1;0;11;4;4
2305;93;2024-10-10 00:00:00;0;0;10;5;5
2306;93;2024-10-10 00:00:00;1;1;10;1;6
2307;93;2024-10-10 00:00:00;1;1;5;2;7
2308;93;2024-10-10 00:00:00;1;1;2;3;8
2309;93;2024-10-10 00:00:00;1;1;3;4;9
2310;93;2024-10-10 00:00:00;1;0;2;5;10
2311;93;2024-10-10 00:00:00;1;0;3;1;11
2312;93;2024-10-10 00:00:00;1;0;2;2;12
2313;93;2024-10-10 00:00:00;1;0;9;3;13
2314;93;2024-10-10 00:00:00;1;0;9;4;14
2315;93;2024-10-10 00:00:00;1;1;12;5;15
2316;93;2024-10-10 00:00:00;1;1;4;1;16
2317;93;2024-10-10 00:00:00;0;0;3;2;17
2318;93;2024-10-10 00:00:00;1;0;4;3;18
2319;93;2024-10-10 00:00:00;1;0;9;4;19
2320;93;2024-10-10 00:00:00;1;0;1;5;20
2321;93;2024-10-10 00:00:00;1;1;9;1;21
2322;93;2024-10-10 00:00:00;1;0;11;2;22
2323;93;2024-10-10 00:00:00;1;0;6;3;23
2324;93;2024-10-10 00:00:00;1;0;10;4;24
2325;93;2024-10-10 00:00:00;0;0;1;5;25
2326;94;2024-10-10 00:00:00;1;0;4;1;1
2327;94;2024-10-10 00:00:00;1;0;7;2;2
2328;94;2024-10-10 00:00:00;1;0;7;3;3
2329;94;2024-10-10 00:00:00;1;1;10;4;4
2330;94;2024-10-10 00:00:00;1;0;2;5;5
2331;94;2024-10-10 00:00:00;0;0;5;1;6
2332;94;2024-10-10 00:00:00;0;0;12;2;7
2333;94;2024-10-10 00:00:00;1;0;2;3;8
2334;94;2024-10-10 00:00:00;1;0;12;4;9
2335;94;2024-10-10 00:00:00;1;0;1;5;10
2336;94;2024-10-10 00:00:00;1;0;4;1;11
2337;94;2024-10-10 00:00:00;1;0;6;2;12
2338;94;2024-10-10 00:00:00;0;0;7;3;13
2339;94;2024-10-10 00:00:00;1;0;1;4;14
2340;94;2024-10-10 00:00:00;1;0;5;5;15
2341;94;2024-10-10 00:00:00;1;0;2;1;16
2342;94;2024-10-10 00:00:00;1;0;5;2;17
2343;94;2024-10-10 00:00:00;1;0;8;3;18
2344;94;2024-10-10 00:00:00;1;0;12;4;19
2345;94;2024-10-10 00:00:00;1;0;12;5;20
2346;94;2024-10-10 00:00:00;1;0;10;1;21
2347;94;2024-10-10 00:00:00;1;0;9;2;22
2348;94;2024-10-10 00:00:00;1;0;13;3;23
2349;94;2024-10-10 00:00:00;1;0;7;4;24
2350;94;2024-10-10 00:00:00;0;0;7;5;25
2351;95;2024-10-10 00:00:00;1;0;1;1;1
2352;95;2024-10-10 00:00:00;1;0;7;2;2
2353;95;2024-10-10 00:00:00;1;1;9;3;3
2354;95;2024-10-10 00:00:00;1;1;11;4;4
2355;95;2024-10-10 00:00:00;1;0;13;5;5
2356;95;2024-10-10 00:00:00;1;0;5;1;6
2357;95;2024-10-10 00:00:00;1;0;4;2;7
2358;95;2024-10-10 00:00:00;1;0;1;3;8
2359;95;2024-10-10 00:00:00;1;0;1;4;9
2360;95;2024-10-10 00:00:00;0;0;11;5;10
2361;95;2024-10-10 00:00:00;1;0;9;1;11
2362;95;2024-10-10 00:00:00;1;0;13;2;12
2363;95;2024-10-10 00:00:00;1;0;3;3;13
2364;95;2024-10-10 00:00:00;0;0;2;4;14
2365;95;2024-10-10 00:00:00;1;1;3;5;15
2366;95;2024-10-10 00:00:00;1;0;1;1;16
2367;95;2024-10-10 00:00:00;1;0;2;2;17
2368;95;2024-10-10 00:00:00;1;0;11;3;18
2369;95;2024-10-10 00:00:00;1;0;10;4;19
2370;95;2024-10-10 00:00:00;1;1;3;5;20
2371;95;2024-10-10 00:00:00;0;0;8;1;21
2372;95;2024-10-10 00:00:00;1;1;11;2;22
2373;95;2024-10-10 00:00:00;1;0;5;3;23
2374;95;2024-10-10 00:00:00;0;0;2;4;24
2375;95;2024-10-10 00:00:00;1;0;11;5;25
2376;96;2024-10-10 00:00:00;1;0;5;1;1
2377;96;2024-10-10 00:00:00;1;1;1;2;2
2378;96;2024-10-10 00:00:00;1;0;11;3;3
2379;96;2024-10-10 00:00:00;1;0;8;4;4
2380;96;2024-10-10 00:00:00;1;0;6;5;5
2381;96;2024-10-10 00:00:00;1;0;11;1;6
2382;96;2024-10-10 00:00:00;1;0;9;2;7
2383;96;2024-10-10 00:00:00;1;0;12;3;8
2384;96;2024-10-10 00:00:00;1;0;12;4;9
2385;96;2024-10-10 00:00:00;1;1;13;5;10
2386;96;2024-10-10 00:00:00;1;0;13;1;11
2387;96;2024-10-10 00:00:00;1;0;3;2;12
2388;96;2024-10-10 00:00:00;1;1;11;3;13
2389;96;2024-10-10 00:00:00;1;0;3;4;14
2390;96;2024-10-10 00:00:00;1;0;8;5;15
2391;96;2024-10-10 00:00:00;1;0;4;1;16
2392;96;2024-10-10 00:00:00;1;0;11;2;17
2393;96;2024-10-10 00:00:00;1;1;11;3;18
2394;96;2024-10-10 00:00:00;1;0;2;4;19
2395;96;2024-10-10 00:00:00;1;0;6;5;20
2396;96;2024-10-10 00:00:00;1;0;9;1;21
2397;96;2024-10-10 00:00:00;1;0;11;2;22
2398;96;2024-10-10 00:00:00;1;0;3;3;23
2399;96;2024-10-10 00:00:00;1;0;2;4;24
2400;96;2024-10-10 00:00:00;1;0;6;5;25
2401;97;2024-10-10 00:00:00;1;0;3;1;1
2402;97;2024-10-10 00:00:00;0;1;13;2;2
2403;97;2024-10-10 00:00:00;1;0;2;3;3
2404;97;2024-10-10 00:00:00;1;0;6;4;4
2405;97;2024-10-10 00:00:00;0;0;4;5;5
2406;97;2024-10-10 00:00:00;1;0;8;1;6
2407;97;2024-10-10 00:00:00;1;0;4;2;7
2408;97;2024-10-10 00:00:00;1;0;10;3;8
2409;97;2024-10-10 00:00:00;1;0;2;4;9
2410;97;2024-10-10 00:00:00;1;0;10;5;10
2411;97;2024-10-10 00:00:00;1;0;7;1;11
2412;97;2024-10-10 00:00:00;1;0;6;2;12
2413;97;2024-10-10 00:00:00;1;0;11;3;13
2414;97;2024-10-10 00:00:00;1;1;4;4;14
2415;97;2024-10-10 00:00:00;1;0;2;5;15
2416;97;2024-10-10 00:00:00;1;0;6;1;16
2417;97;2024-10-10 00:00:00;1;1;12;2;17
2418;97;2024-10-10 00:00:00;1;0;11;3;18
2419;97;2024-10-10 00:00:00;1;0;7;4;19
2420;97;2024-10-10 00:00:00;1;0;7;5;20
2421;97;2024-10-10 00:00:00;1;1;4;1;21
2422;97;2024-10-10 00:00:00;1;0;5;2;22
2423;97;2024-10-10 00:00:00;1;0;3;3;23
2424;97;2024-10-10 00:00:00;1;0;2;4;24
2425;97;2024-10-10 00:00:00;1;0;10;5;25
2426;98;2024-10-10 00:00:00;1;0;4;1;1
2427;98;2024-10-10 00:00:00;1;0;2;2;2
2428;98;2024-10-10 00:00:00;1;1;3;3;3
2429;98;2024-10-10 00:00:00;1;0;9;4;4
2430;98;2024-10-10 00:00:00;1;0;1;5;5
2431;98;2024-10-10 00:00:00;1;0;13;1;6
2432;98;2024-10-10 00:00:00;1;0;6;2;7
2433;98;2024-10-10 00:00:00;1;0;4;3;8
2434;98;2024-10-10 00:00:00;1;0;11;4;9
2435;98;2024-10-10 00:00:00;1;0;12;5;10
2436;98;2024-10-10 00:00:00;1;0;11;1;11
2437;98;2024-10-10 00:00:00;1;0;10;2;12
2438;98;2024-10-10 00:00:00;1;0;7;3;13
2439;98;2024-10-10 00:00:00;1;0;4;4;14
2440;98;2024-10-10 00:00:00;1;1;7;5;15
2441;98;2024-10-10 00:00:00;1;0;10;1;16
2442;98;2024-10-10 00:00:00;1;1;10;2;17
2443;98;2024-10-10 00:00:00;1;0;11;3;18
2444;98;2024-10-10 00:00:00;1;1;3;4;19
2445;98;2024-10-10 00:00:00;1;1;10;5;20
2446;98;2024-10-10 00:00:00;1;0;1;1;21
2447;98;2024-10-10 00:00:00;0;0;5;2;22
2448;98;2024-10-10 00:00:00;1;0;7;3;23
2449;98;2024-10-10 00:00:00;1;0;13;4;24
2450;98;2024-10-10 00:00:00;1;0;13;5;25
2451;99;2024-10-10 00:00:00;1;0;8;1;1
2452;99;2024-10-10 00:00:00;1;0;7;2;2
2453;99;2024-10-10 00:00:00;1;1;10;3;3
2454;99;2024-10-10 00:00:00;1;0;4;4;4
2455;99;2024-10-10 00:00:00;1;0;3;5;5
2456;99;2024-10-10 00:00:00;1;0;7;1;6
2457;99;2024-10-10 00:00:00;1;1;10;2;7
2458;99;2024-10-10 00:00:00;1;0;12;3;8
2459;99;2024-10-10 00:00:00;1;0;2;4;9
2460;99;2024-10-10 00:00:00;1;0;5;5;10
2461;99;2024-10-10 00:00:00;1;0;5;1;11
2462;99;2024-10-10 00:00:00;1;0;11;2;12
2463;99;2024-10-10 00:00:00;1;0;7;3;13
2464;99;2024-10-10 00:00:00;1;1;4;4;14
2465;99;2024-10-10 00:00:00;1;1;6;5;15
2466;99;2024-10-10 00:00:00;1;1;1;1;16
2467;99;2024-10-10 00:00:00;1;0;10;2;17
2468;99;2024-10-10 00:00:00;1;0;5;3;18
2469;99;2024-10-10 00:00:00;1;0;7;4;19
2470;99;2024-10-10 00:00:00;1;0;7;5;20
2471;99;2024-10-10 00:00:00;1;0;11;1;21
2472;99;2024-10-10 00:00:00;1;0;13;2;22
2473;99;2024-10-10 00:00:00;1;0;12;3;23
2474;99;2024-10-10 00:00:00;1;1;8;4;24
2475;99;2024-10-10 00:00:00;1;0;10;5;25
2476;100;2024-10-10 00:00:00;1;0;4;1;1
2477;100;2024-10-10 00:00:00;1;0;10;2;2
2478;100;2024-10-10 00:00:00;1;0;3;3;3
2479;100;2024-10-10 00:00:00;0;0;7;4;4
2480;100;2024-10-10 00:00:00;1;0;2;5;5
2481;100;2024-10-10 00:00:00;1;0;2;1;6
2482;100;2024-10-10 00:00:00;1;1;6;2;7
2483;100;2024-10-10 00:00:00;1;0;12;3;8
2484;100;2024-10-10 00:00:00;1;0;3;4;9
2485;100;2024-10-10 00:00:00;1;0;7;5;10
2486;100;2024-10-10 00:00:00;1;0;12;1;11
2487;100;2024-10-10 00:00:00;1;1;11;2;12
2488;100;2024-10-10 00:00:00;1;1;3;3;13
2489;100;2024-10-10 00:00:00;1;0;1;4;14
2490;100;2024-10-10 00:00:00;1;0;7;5;15
2491;100;2024-10-10 00:00:00;1;0;1;1;16
2492;100;2024-10-10 00:00:00;0;0;3;2;17
2493;100;2024-10-10 00:00:00;1;0;7;3;18
2494;100;2024-10-10 00:00:00;1;1;3;4;19
2495;100;2024-10-10 00:00:00;0;1;5;5;20
2496;100;2024-10-10 00:00:00;1;0;12;1;21
2497;100;2024-10-10 00:00:00;1;1;1;2;22
2498;100;2024-10-10 00:00:00;1;0;10;3;23
2499;100;2024-10-10 00:00:00;1;1;3;4;24
2500;100;2024-10-10 00:00:00;1;0;5;5;25